"Date","Price","Open","High","Low","Vol.","Change %"
"03/25/2019","91,046","90,845","91,250","90,586","","0.25%"
"03/22/2019","90,816","90,099","90,875","89,662","","0.82%"
"03/21/2019","90,074","90,283","90,750","89,578","","-0.20%"
"03/20/2019","90,251","90,176","90,599","89,423","","0.11%"
"03/19/2019","90,148","89,469","90,456","89,362","","0.79%"
"03/18/2019","89,442","89,814","89,845","89,057","","-0.32%"
"03/15/2019","89,726","89,915","90,292","89,677","","-0.19%"
"03/14/2019","89,895","91,027","91,141","89,660","","-1.19%"
"03/13/2019","90,978","90,618","91,191","90,555","","0.44%"
"03/12/2019","90,582","90,354","90,679","89,991","","0.29%"
"03/11/2019","90,319","90,935","90,944","90,130","","-0.59%"
"03/08/2019","90,854","90,149","91,085","90,112","","0.84%"
"03/07/2019","90,100","90,130","90,346","89,736","","0.00%"
"03/06/2019","90,096","90,781","91,220","89,923","","-0.73%"
"03/05/2019","90,755","91,245","91,538","90,481","","-0.50%"
"03/04/2019","91,211","91,847","92,112","90,930","","-0.66%"
"03/01/2019","91,813","93,035","93,170","91,491","","-1.29%"
"02/28/2019","93,012","93,977","94,309","92,971","","-0.98%"
"02/27/2019","93,930","94,392","94,883","93,702","","-0.43%"
"02/26/2019","94,335","93,978","94,817","93,967","","0.38%"
"02/25/2019","93,980","94,397","94,661","93,888","","-0.33%"
"02/22/2019","94,294","94,201","94,785","94,032","","0.17%"
"02/21/2019","94,132","95,129","95,368","94,079","","-0.90%"
"02/20/2019","94,986","95,582","96,078","94,872","","-0.63%"
"02/19/2019","95,586","94,676","95,692","94,408","","0.99%"
"02/18/2019","94,647","94,256","94,821","94,199","","0.46%"
"02/15/2019","94,214","93,243","94,365","93,149","","1.14%"
"02/14/2019","93,154","92,559","93,489","92,548","","0.66%"
"02/13/2019","92,543","92,491","93,353","92,377","","0.12%"
"02/12/2019","92,432","93,065","93,271","92,367","","-0.61%"
"02/11/2019","93,004","93,563","93,595","92,643","","-0.53%"
"02/08/2019","93,504","93,432","93,768","92,955","","0.13%"
"02/07/2019","93,378","93,512","93,736","93,043","","-0.07%"
"02/06/2019","93,440","94,074","94,320","93,414","","-0.64%"
"02/05/2019","94,044","94,109","94,458","93,896","","0.02%"
"02/04/2019","94,028","94,161","94,348","93,844","","-0.10%"
"02/01/2019","94,127","93,740","94,424","93,471","","0.40%"
"01/31/2019","93,750","94,062","94,349","93,480","","-0.20%"
"01/30/2019","93,938","93,639","94,292","93,253","","0.41%"
"01/29/2019","93,558","92,679","93,707","92,614","","1.05%"
"01/28/2019","92,584","92,441","92,792","92,127","","0.22%"
"01/25/2019","92,380","90,949","92,438","90,860","","1.63%"
"01/24/2019","90,898","91,323","91,514","90,809","","-0.41%"
"01/23/2019","91,276","91,569","91,749","91,124","","-0.29%"
"01/22/2019","91,541","91,116","91,773","90,909","","0.51%"
"01/21/2019","91,073","91,266","91,733","90,922","","-0.14%"
"01/18/2019","91,204","91,796","92,068","91,099","","-0.58%"
"01/17/2019","91,735","91,816","92,377","91,635","","-0.06%"
"01/16/2019","91,789","91,715","92,042","91,417","","0.14%"
"01/15/2019","91,660","91,390","91,952","91,300","","0.37%"
"01/14/2019","91,324","90,652","91,947","90,635","","0.78%"
"01/11/2019","90,617","90,628","91,402","90,600","","0.08%"
"01/10/2019","90,547","91,301","91,575","90,559","","-0.71%"
"01/09/2019","91,192","90,134","91,322","89,883","","1.19%"
"01/08/2019","90,121","89,980","90,292","89,617","","0.24%"
"01/07/2019","89,906","89,442","90,377","89,200","","0.63%"
"01/04/2019","89,347","90,726","91,089","89,260","","-1.49%"
"01/03/2019","90,695","90,121","91,029","89,954","","0.95%"
"01/02/2019","89,838","89,059","90,438","88,823","","0.89%"
"01/01/2019","89,044","89,315","89,456","89,058","","-0.16%"
"12/31/2018","89,188","89,528","89,677","88,957","","-0.39%"
"12/28/2018","89,539","89,748","89,847","89,281","","-0.10%"
"12/27/2018","89,625","88,802","90,012","88,759","","1.00%"
"12/26/2018","88,734","89,016","89,649","88,588","","-0.11%"
"12/25/2018","88,832","88,903","88,903","88,903","","-0.10%"
"12/24/2018","88,921","88,313","89,042","88,215","","0.96%"
"12/21/2018","88,078","88,188","88,654","87,853","","-0.04%"
"12/20/2018","88,111","87,364","88,643","87,363","","0.92%"
"12/19/2018","87,305","88,228","88,439","87,250","","-1.01%"
"12/18/2018","88,198","89,221","89,429","87,871","","-1.10%"
"12/17/2018","89,176","89,008","89,398","88,585","","0.16%"
"12/14/2018","89,033","88,827","89,277","88,736","","0.26%"
"12/13/2018","88,804","89,517","89,581","88,685","","-0.71%"
"12/12/2018","89,440","89,868","90,045","89,317","","-0.37%"
"12/11/2018","89,773","90,224","90,367","89,376","","-0.45%"
"12/10/2018","90,183","88,629","90,509","88,393","","2.01%"
"12/07/2018","88,404","87,719","88,606","87,350","","0.88%"
"12/06/2018","87,637","87,331","88,257","87,286","","0.44%"
"12/05/2018","87,256","87,396","87,444","86,949","","-0.07%"
"12/04/2018","87,319","86,716","87,719","86,671","","0.76%"
"12/03/2018","86,658","85,195","86,981","85,058","","1.84%"
"11/30/2018","85,092","85,426","85,569","84,692","","-0.29%"
"11/29/2018","85,338","86,249","86,505","85,275","","-1.03%"
"11/28/2018","86,224","86,007","86,643","85,484","","0.29%"
"11/27/2018","85,972","86,561","86,827","85,809","","-0.62%"
"11/26/2018","86,511","86,485","86,959","85,973","","0.17%"
"11/23/2018","86,365","86,743","86,862","86,208","","-0.40%"
"11/22/2018","86,709","87,432","87,573","86,701","","-0.79%"
"11/21/2018","87,397","87,279","87,729","87,042","","0.17%"
"11/20/2018","87,252","87,663","87,858","87,071","","-0.40%"
"11/19/2018","87,603","87,984","88,101","87,276","","-0.35%"
"11/16/2018","87,907","87,277","88,203","87,143","","0.78%"
"11/15/2018","87,225","87,562","87,647","86,946","","-0.36%"
"11/14/2018","87,543","87,310","87,966","86,610","","0.33%"
"11/13/2018","87,258","87,482","87,816","86,919","","-0.19%"
"11/12/2018","87,427","87,704","88,249","87,439","","-0.24%"
"11/09/2018","87,637","88,560","88,840","87,450","","-0.96%"
"11/08/2018","88,491","88,863","88,914","88,329","","-0.35%"
"11/07/2018","88,798","89,522","89,909","88,764","","-0.71%"
"11/06/2018","89,429","90,015","90,315","89,249","","-0.58%"
"11/05/2018","89,951","89,325","90,172","89,195","","0.76%"
"11/02/2018","89,275","90,671","90,702","89,077","","-1.41%"
"11/01/2018","90,549","89,827","90,919","89,818","","0.86%"
"10/31/2018","89,774","90,143","90,305","89,626","","-0.34%"
"10/30/2018","90,081","90,263","90,421","89,829","","-0.12%"
"10/29/2018","90,192","90,660","90,777","89,864","","-0.43%"
"10/26/2018","90,583","90,238","91,357","90,057","","0.45%"
"10/25/2018","90,178","90,382","90,849","89,915","","-0.10%"
"10/24/2018","90,268","90,505","90,763","89,627","","-0.22%"
"10/23/2018","90,467","89,901","91,222","89,865","","0.69%"
"10/22/2018","89,850","89,756","90,235","89,655","","-0.10%"
"10/19/2018","89,941","90,123","90,450","89,871","","-0.13%"
"10/18/2018","90,063","89,989","90,479","89,623","","0.18%"
"10/17/2018","89,903","89,964","90,429","89,628","","-0.02%"
"10/16/2018","89,917","90,528","90,815","89,873","","-0.61%"
"10/15/2018","90,470","89,616","91,277","89,612","","0.96%"
"10/12/2018","89,610","90,655","90,665","89,466","","-1.10%"
"10/11/2018","90,605","88,725","90,823","88,439","","2.18%"
"10/10/2018","88,669","88,439","88,728","87,972","","0.31%"
"10/09/2018","88,391","88,036","88,544","87,916","","0.50%"
"10/08/2018","87,955","88,756","88,842","87,661","","-0.84%"
"10/05/2018","88,699","88,338","89,229","87,987","","0.46%"
"10/04/2018","88,290","87,820","88,878","87,714","","0.58%"
"10/03/2018","87,782","87,762","88,610","87,734","","0.09%"
"10/02/2018","87,699","86,698","88,131","86,667","","1.26%"
"10/01/2018","86,609","86,446","86,960","86,134","","0.25%"
"09/28/2018","86,398","85,842","86,621","85,642","","0.70%"
"09/27/2018","85,796","86,746","87,083","85,757","","-1.02%"
"09/26/2018","86,677","87,304","87,440","86,423","","-0.69%"
"09/25/2018","87,280","87,120","87,478","86,986","","0.23%"
"09/24/2018","87,082","86,354","87,550","86,304","","0.54%"
"09/21/2018","86,610","86,957","87,617","86,069","","-0.33%"
"09/20/2018","86,899","87,109","87,341","86,588","","-0.21%"
"09/19/2018","87,079","87,119","87,711","86,905","","0.01%"
"09/18/2018","87,066","87,115","87,852","86,654","","-0.04%"
"09/17/2018","87,099","85,766","87,393","85,736","","1.56%"
"09/14/2018","85,763","86,571","86,856","85,748","","-0.83%"
"09/13/2018","86,480","87,093","87,374","86,444","","-0.57%"
"09/12/2018","86,973","87,070","87,231","86,048","","-0.01%"
"09/11/2018","86,978","86,615","87,139","86,290","","0.43%"
"09/10/2018","86,609","85,818","86,854","85,710","","0.94%"
"09/07/2018","85,803","86,338","86,614","85,593","","-0.59%"
"09/06/2018","86,311","85,907","86,870","85,855","","0.56%"
"09/05/2018","85,835","85,280","86,015","85,161","","0.69%"
"09/04/2018","85,249","85,577","85,656","85,038","","-0.27%"
"09/03/2018","85,480","85,227","85,639","84,827","","0.27%"
"08/31/2018","85,250","84,935","85,782","84,795","","0.47%"
"08/30/2018","84,853","85,112","85,397","84,625","","-0.25%"
"08/29/2018","85,066","84,208","85,237","84,182","","1.08%"
"08/28/2018","84,157","85,013","85,268","84,077","","-0.95%"
"08/27/2018","84,962","84,450","85,084","84,136","","0.74%"
"08/24/2018","84,340","83,103","84,582","82,943","","1.54%"
"08/23/2018","83,063","83,560","83,660","82,982","","-0.51%"
"08/22/2018","83,490","83,561","84,003","83,301","","-0.02%"
"08/21/2018","83,511","83,128","83,631","82,957","","0.51%"
"08/20/2018","83,086","82,981","83,204","82,668","","0.09%"
"08/17/2018","83,011","82,267","83,093","82,133","","0.93%"
"08/16/2018","82,243","82,196","83,149","81,120","","0.17%"
"08/15/2018","82,100","83,561","83,591","82,018","","-1.67%"
"08/14/2018","83,494","83,617","83,881","83,313","","-0.06%"
"08/13/2018","83,545","83,443","84,233","83,155","","0.16%"
"08/10/2018","83,409","83,374","83,859","83,180","","0.10%"
"08/09/2018","83,323","83,349","83,591","83,100","","0.04%"
"08/08/2018","83,286","83,098","83,470","82,781","","0.26%"
"08/07/2018","83,074","83,062","83,580","82,922","","0.08%"
"08/06/2018","83,004","83,189","83,502","83,039","","-0.17%"
"08/03/2018","83,141","82,896","83,730","82,784","","0.36%"
"08/02/2018","82,840","83,077","83,761","82,832","","-0.27%"
"08/01/2018","83,067","83,793","83,983","83,085","","-0.81%"
"07/31/2018","83,742","83,820","84,135","83,265","","-0.05%"
"07/30/2018","83,781","83,901","84,092","83,634","","-0.14%"
"07/27/2018","83,896","83,970","84,213","83,655","","-0.02%"
"07/26/2018","83,915","84,630","84,921","83,911","","-0.82%"
"07/25/2018","84,611","84,415","84,860","84,235","","0.26%"
"07/24/2018","84,396","84,331","84,789","84,017","","0.15%"
"07/23/2018","84,270","84,656","84,928","84,134","","-0.43%"
"07/20/2018","84,632","84,434","84,772","83,908","","0.33%"
"07/19/2018","84,358","84,234","84,830","83,718","","0.24%"
"07/18/2018","84,158","83,996","84,328","83,749","","0.24%"
"07/17/2018","83,960","85,058","85,115","83,891","","-1.23%"
"07/16/2018","85,001","85,037","85,475","84,948","","0.01%"
"07/13/2018","84,996","85,454","85,494","84,742","","-0.50%"
"07/12/2018","85,422","85,372","85,577","85,160","","0.10%"
"07/11/2018","85,340","86,348","86,432","85,313","","-1.11%"
"07/10/2018","86,297","86,358","86,759","85,852","","-0.02%"
"07/09/2018","86,315","86,359","87,031","86,297","","0.03%"
"07/06/2018","86,289","86,617","86,717","86,255","","-0.35%"
"07/05/2018","86,592","86,334","86,814","86,185","","0.36%"
"07/04/2018","86,282","85,834","86,461","85,812","","0.51%"
"07/03/2018","85,848","85,359","86,233","85,059","","0.63%"
"07/02/2018","85,309","85,814","86,058","85,175","","-0.48%"
"06/29/2018","85,717","85,931","86,044","85,404","","-0.20%"
"06/28/2018","85,890","85,935","86,570","85,752","","-0.01%"
"06/27/2018","85,899","86,029","86,464","85,691","","-0.16%"
"06/26/2018","86,041","86,241","86,373","85,582","","-0.14%"
"06/25/2018","86,159","86,308","86,570","86,040","","0.09%"
"06/22/2018","86,080","86,107","86,261","85,906","","0.01%"
"06/21/2018","86,067","86,307","86,453","85,720","","-0.23%"
"06/20/2018","86,262","87,079","87,204","86,273","","-0.90%"
"06/19/2018","87,042","86,994","87,538","86,824","","0.12%"
"06/18/2018","86,936","87,059","87,308","86,950","","-0.12%"
"06/15/2018","87,042","88,150","88,502","86,797","","-1.21%"
"06/14/2018","88,108","87,928","88,525","87,741","","0.25%"
"06/13/2018","87,885","87,453","88,036","87,358","","0.53%"
"06/12/2018","87,419","87,739","87,766","87,224","","-0.31%"
"06/11/2018","87,687","87,748","87,888","87,233","","0.05%"
"06/08/2018","87,641","87,452","88,107","87,324","","0.32%"
"06/07/2018","87,363","86,690","87,684","86,581","","0.87%"
"06/06/2018","86,612","86,971","87,146","86,578","","-0.40%"
"06/05/2018","86,956","86,653","87,310","86,569","","0.39%"
"06/04/2018","86,621","86,635","87,062","86,435","","0.02%"
"06/01/2018","86,601","87,562","87,704","86,528","","-1.00%"
"05/31/2018","87,477","87,777","88,207","87,485","","-0.29%"
"05/30/2018","87,728","88,138","88,396","87,418","","-0.35%"
"05/29/2018","88,041","87,495","88,789","87,418","","0.67%"
"05/28/2018","87,458","87,990","88,065","87,338","","-0.75%"
"05/25/2018","88,115","89,144","89,190","88,056","","-1.14%"
"05/24/2018","89,134","88,428","89,357","88,330","","0.84%"
"05/23/2018","88,389","87,826","88,812","87,810","","0.68%"
"05/22/2018","87,795","88,068","88,197","87,593","","-0.25%"
"05/21/2018","88,018","87,768","88,098","87,317","","0.25%"
"05/18/2018","87,803","87,467","88,009","87,263","","0.45%"
"05/17/2018","87,410","87,469","87,741","87,078","","-0.03%"
"05/16/2018","87,438","87,867","88,163","87,213","","-0.45%"
"05/15/2018","87,833","88,715","89,115","87,726","","-0.93%"
"05/14/2018","88,654","88,870","89,257","88,683","","-0.11%"
"05/11/2018","88,752","88,860","89,304","88,581","","-0.08%"
"05/10/2018","88,825","88,368","88,984","88,193","","0.50%"
"05/09/2018","88,384","88,254","88,623","87,931","","0.20%"
"05/08/2018","88,208","88,195","88,468","87,685","","0.00%"
"05/07/2018","88,203","87,872","88,433","87,776","","0.42%"
"05/04/2018","87,832","87,492","87,959","87,418","","0.49%"
"05/03/2018","87,407","87,015","87,853","87,004","","0.49%"
"05/02/2018","86,981","87,121","87,643","86,955","","-0.10%"
"05/01/2018","87,067","87,421","87,499","86,592","","-0.36%"
"04/30/2018","87,378","88,125","88,282","87,023","","-0.76%"
"04/27/2018","88,051","88,000","88,350","87,780","","0.10%"
"04/26/2018","87,960","88,529","88,658","87,865","","-0.63%"
"04/25/2018","88,518","88,368","88,683","88,204","","0.21%"
"04/24/2018","88,331","88,135","88,502","87,894","","0.29%"
"04/23/2018","88,072","88,403","88,442","87,825","","-0.32%"
"04/20/2018","88,358","88,676","88,919","88,281","","-0.27%"
"04/19/2018","88,594","88,681","89,088","88,227","","-0.05%"
"04/18/2018","88,638","88,506","89,028","88,121","","0.21%"
"04/17/2018","88,452","88,111","88,536","87,812","","0.42%"
"04/16/2018","88,079","87,742","88,419","87,446","","0.36%"
"04/13/2018","87,762","87,193","87,920","87,086","","0.71%"
"04/12/2018","87,147","88,276","88,477","87,080","","-1.29%"
"04/11/2018","88,284","87,013","89,104","86,999","","1.52%"
"04/10/2018","86,961","86,804","87,228","86,426","","0.23%"
"04/09/2018","86,765","86,565","86,920","86,273","","0.27%"
"04/06/2018","86,531","86,090","86,693","85,848","","0.57%"
"04/05/2018","86,041","86,707","86,842","85,878","","-0.76%"
"04/04/2018","86,696","86,638","87,784","86,544","","0.12%"
"04/03/2018","86,596","87,331","87,448","86,393","","-0.83%"
"04/02/2018","87,323","86,356","87,601","86,261","","1.30%"
"03/30/2018","86,206","86,277","86,277","86,277","","0.00%"
"03/29/2018","86,206","86,337","86,568","86,059","","-0.10%"
"03/28/2018","86,295","87,399","87,496","86,234","","-1.15%"
"03/27/2018","87,299","87,741","87,908","87,068","","-0.46%"
"03/26/2018","87,705","87,600","87,968","87,193","","0.22%"
"03/23/2018","87,512","86,546","87,767","86,524","","1.18%"
"03/22/2018","86,491","86,831","87,016","86,247","","-0.35%"
"03/21/2018","86,793","85,511","87,132","85,451","","1.55%"
"03/20/2018","85,465","85,878","85,991","85,218","","-0.45%"
"03/19/2018","85,853","85,393","86,081","85,060","","0.63%"
"03/16/2018","85,319","85,563","85,855","85,043","","-0.22%"
"03/15/2018","85,505","85,888","86,264","85,400","","-0.43%"
"03/14/2018","85,874","86,027","86,445","85,692","","-0.14%"
"03/13/2018","85,992","85,978","86,168","85,391","","0.05%"
"03/12/2018","85,946","86,206","86,259","85,539","","-0.29%"
"03/09/2018","86,195","86,066","86,312","85,591","","0.21%"
"03/08/2018","86,015","86,005","86,423","85,873","","0.06%"
"03/07/2018","85,964","86,633","87,013","85,760","","-0.73%"
"03/06/2018","86,595","85,856","86,923","85,831","","0.89%"
"03/05/2018","85,830","86,337","86,529","85,686","","-0.45%"
"03/02/2018","86,219","85,938","86,492","85,785","","0.41%"
"03/01/2018","85,870","85,957","86,179","84,907","","-0.05%"
"02/28/2018","85,917","85,561","86,261","85,408","","0.41%"
"02/27/2018","85,565","86,338","86,654","85,179","","-0.88%"
"02/26/2018","86,325","85,930","86,810","85,843","","0.40%"
"02/23/2018","85,978","86,522","86,572","85,911","","-0.62%"
"02/22/2018","86,511","85,841","86,589","85,755","","0.82%"
"02/21/2018","85,807","86,245","86,577","85,683","","-0.45%"
"02/20/2018","86,193","86,530","87,090","86,053","","-0.34%"
"02/19/2018","86,487","86,588","86,824","86,469","","-0.06%"
"02/16/2018","86,540","86,481","87,307","86,358","","0.11%"
"02/15/2018","86,443","86,570","86,880","86,191","","-0.10%"
"02/14/2018","86,530","85,418","86,896","84,567","","1.32%"
"02/13/2018","85,405","85,023","85,559","84,948","","0.51%"
"02/12/2018","84,976","84,629","85,342","84,571","","0.29%"
"02/09/2018","84,728","84,777","85,059","84,386","","-0.05%"
"02/08/2018","84,774","84,760","85,001","83,987","","0.04%"
"02/07/2018","84,740","85,082","85,460","84,326","","-0.35%"
"02/06/2018","85,038","85,906","86,611","84,792","","-0.96%"
"02/05/2018","85,864","85,424","86,049","85,215","","0.46%"
"02/02/2018","85,467","86,293","86,538","85,112","","-0.92%"
"02/01/2018","86,260","85,475","86,452","85,222","","0.97%"
"01/31/2018","85,436","85,253","85,661","84,700","","0.25%"
"01/30/2018","85,224","85,297","85,831","84,890","","0.01%"
"01/29/2018","85,211","85,852","85,994","85,039","","-0.71%"
"01/26/2018","85,818","85,526","86,207","85,390","","0.24%"
"01/25/2018","85,611","86,443","86,753","85,296","","-0.95%"
"01/24/2018","86,436","85,552","86,721","85,285","","1.11%"
"01/23/2018","85,483","85,230","85,570","84,908","","0.34%"
"01/22/2018","85,192","85,210","85,375","84,809","","0.26%"
"01/19/2018","84,971","84,758","85,318","84,691","","0.31%"
"01/18/2018","84,711","84,783","85,124","84,589","","0.03%"
"01/17/2018","84,689","85,703","86,051","84,716","","-1.12%"
"01/16/2018","85,651","85,143","85,808","84,992","","0.67%"
"01/15/2018","85,082","85,043","85,382","84,962","","-0.04%"
"01/12/2018","85,118","84,227","85,224","84,169","","1.11%"
"01/11/2018","84,187","83,791","84,330","83,752","","0.52%"
"01/10/2018","83,753","83,599","84,380","83,298","","0.23%"
"01/09/2018","83,557","83,796","83,860","83,363","","-0.27%"
"01/08/2018","83,781","83,648","83,902","83,378","","0.24%"
"01/05/2018","83,584","83,859","83,920","83,256","","-0.29%"
"01/04/2018","83,828","83,392","84,073","82,927","","0.56%"
"01/03/2018","83,364","83,643","83,872","83,026","","-0.26%"
"01/02/2018","83,578","82,951","83,712","82,950","","0.78%"
"01/01/2018","82,934","83,174","83,187","82,887","","-0.24%"
"12/29/2017","83,135","82,977","83,501","82,698","","0.23%"
"12/28/2017","82,947","82,546","83,023","82,515","","0.55%"
"12/27/2017","82,495","82,240","82,675","82,084","","0.44%"
"12/26/2017","82,135","81,642","82,258","81,523","","0.65%"
"12/25/2017","81,604","81,641","81,641","81,641","","0.02%"
"12/22/2017","81,588","81,093","81,711","80,981","","0.66%"
"12/21/2017","81,055","81,134","81,333","80,871","","-0.06%"
"12/20/2017","81,104","80,825","81,309","80,803","","0.39%"
"12/19/2017","80,787","81,015","81,123","80,618","","-0.24%"
"12/18/2017","80,977","80,342","81,257","80,269","","0.69%"
"12/15/2017","80,419","80,618","80,830","80,276","","-0.17%"
"12/14/2017","80,557","80,942","81,177","80,479","","-0.43%"
"12/13/2017","80,907","80,144","81,040","79,915","","1.01%"
"12/12/2017","80,098","79,922","80,366","79,613","","0.24%"
"12/11/2017","79,909","80,453","80,588","79,833","","-0.66%"
"12/08/2017","80,443","80,503","80,706","80,213","","-0.05%"
"12/07/2017","80,481","81,523","81,611","80,322","","-1.24%"
"12/06/2017","81,489","81,502","81,871","81,357","","0.06%"
"12/05/2017","81,439","82,179","82,261","81,190","","-0.83%"
"12/04/2017","82,122","82,156","82,337","81,824","","-0.56%"
"12/01/2017","82,585","82,197","83,210","82,006","","0.50%"
"11/30/2017","82,175","82,641","82,924","81,924","","-0.49%"
"11/29/2017","82,580","83,348","83,572","82,477","","-0.88%"
"11/28/2017","83,314","83,457","83,622","83,150","","-0.13%"
"11/27/2017","83,424","83,363","83,798","83,222","","0.17%"
"11/24/2017","83,284","83,401","83,678","83,207","","-0.06%"
"11/23/2017","83,334","83,832","83,836","83,282","","-0.55%"
"11/22/2017","83,797","83,095","84,021","82,864","","0.96%"
"11/21/2017","83,004","83,129","83,427","82,846","","-0.11%"
"11/20/2017","83,096","84,048","84,244","83,002","","-1.25%"
"11/17/2017","84,144","83,483","84,349","82,864","","0.83%"
"11/16/2017","83,452","83,441","83,736","83,251","","0.07%"
"11/15/2017","83,394","83,729","84,132","83,338","","-0.38%"
"11/14/2017","83,712","83,649","83,991","83,171","","0.10%"
"11/13/2017","83,626","83,089","83,808","83,041","","0.54%"
"11/10/2017","83,174","83,522","83,810","83,014","","-0.34%"
"11/09/2017","83,461","83,192","83,723","83,091","","0.36%"
"11/08/2017","83,160","82,971","83,610","82,971","","0.27%"
"11/07/2017","82,935","82,833","83,231","82,619","","0.14%"
"11/06/2017","82,821","81,982","82,934","81,750","","1.06%"
"11/03/2017","81,950","82,453","82,601","81,713","","-0.51%"
"11/02/2017","82,366","82,281","82,945","82,280","","0.14%"
"11/01/2017","82,253","82,293","82,748","81,958","","-0.05%"
"10/31/2017","82,297","82,777","82,872","82,062","","-0.53%"
"10/30/2017","82,740","82,835","82,948","82,356","","-0.03%"
"10/27/2017","82,763","82,200","82,884","82,049","","0.78%"
"10/26/2017","82,122","82,949","83,197","82,069","","-0.94%"
"10/25/2017","82,903","83,109","83,165","82,537","","-0.19%"
"10/24/2017","83,064","83,341","83,482","82,907","","-0.32%"
"10/23/2017","83,332","83,070","83,464","82,726","","0.09%"
"10/20/2017","83,260","83,820","83,927","83,109","","-0.64%"
"10/19/2017","83,798","83,352","83,889","83,046","","0.60%"
"10/18/2017","83,301","83,584","83,824","83,068","","-0.30%"
"10/17/2017","83,548","83,807","83,965","83,339","","-0.20%"
"10/16/2017","83,715","84,339","84,587","83,504","","-0.78%"
"10/13/2017","84,373","84,171","84,577","83,802","","0.31%"
"10/12/2017","84,110","84,174","84,459","83,891","","-0.03%"
"10/11/2017","84,135","84,045","84,314","83,690","","0.16%"
"10/10/2017","84,000","83,922","84,475","83,791","","0.13%"
"10/09/2017","83,890","83,450","84,042","83,401","","0.60%"
"10/06/2017","83,392","82,652","83,497","82,437","","0.99%"
"10/05/2017","82,575","82,923","83,343","82,521","","-0.35%"
"10/04/2017","82,862","83,281","83,595","82,632","","-0.40%"
"10/03/2017","83,192","83,005","83,507","82,823","","0.25%"
"10/02/2017","82,984","83,545","83,553","82,963","","-0.65%"
"09/29/2017","83,529","84,257","84,347","83,469","","-0.85%"
"09/28/2017","84,241","84,189","84,568","83,923","","0.10%"
"09/27/2017","84,156","84,679","85,115","84,189","","-0.60%"
"09/26/2017","84,667","85,324","85,807","84,633","","-0.77%"
"09/25/2017","85,320","84,095","85,439","83,672","","1.53%"
"09/22/2017","84,031","83,702","84,500","83,680","","0.45%"
"09/21/2017","83,657","83,655","84,128","83,314","","0.05%"
"09/20/2017","83,615","84,322","84,617","83,326","","-0.82%"
"09/19/2017","84,302","83,893","84,365","83,797","","0.57%"
"09/18/2017","83,824","84,607","84,623","83,693","","-0.88%"
"09/15/2017","84,569","85,272","85,573","84,596","","-0.79%"
"09/14/2017","85,242","84,701","85,324","84,379","","0.76%"
"09/13/2017","84,597","85,285","85,451","84,542","","-0.73%"
"09/12/2017","85,219","84,908","85,322","84,666","","0.46%"
"09/11/2017","84,830","85,292","85,567","84,793","","-1.21%"
"09/08/2017","85,868","86,352","86,750","85,654","","-0.54%"
"09/07/2017","86,337","85,480","86,426","85,360","","1.06%"
"09/06/2017","85,434","85,864","86,106","85,301","","-0.41%"
"09/05/2017","85,789","85,452","86,191","85,124","","0.41%"
"09/04/2017","85,442","85,435","85,934","85,206","","0.76%"
"09/01/2017","84,799","84,524","85,100","84,283","","0.37%"
"08/31/2017","84,490","83,760","84,653","83,233","","0.93%"
"08/30/2017","83,715","83,827","84,103","83,524","","-0.11%"
"08/29/2017","83,808","84,238","84,896","83,539","","0.16%"
"08/28/2017","83,677","82,720","83,867","82,645","","1.27%"
"08/25/2017","82,626","82,388","82,840","81,894","","0.31%"
"08/24/2017","82,368","82,652","82,708","82,255","","-0.27%"
"08/23/2017","82,591","82,338","82,764","82,176","","0.37%"
"08/22/2017","82,284","82,780","82,872","82,190","","-0.59%"
"08/21/2017","82,772","82,221","82,931","82,072","","0.58%"
"08/18/2017","82,298","82,678","83,412","82,267","","-0.39%"
"08/17/2017","82,620","82,401","82,806","82,265","","0.38%"
"08/16/2017","82,305","81,545","82,412","81,385","","0.97%"
"08/15/2017","81,515","82,145","82,174","81,269","","-0.77%"
"08/14/2017","82,148","82,705","82,742","81,972","","-0.62%"
"08/11/2017","82,658","82,484","82,901","82,172","","0.26%"
"08/10/2017","82,442","81,567","82,534","81,382","","1.09%"
"08/09/2017","81,552","80,341","81,678","80,302","","1.61%"
"08/08/2017","80,261","80,283","80,588","79,702","","0.02%"
"08/07/2017","80,242","80,138","80,472","79,980","","0.25%"
"08/04/2017","80,040","80,820","80,931","79,828","","-0.90%"
"08/03/2017","80,768","80,606","80,982","80,110","","0.25%"
"08/02/2017","80,566","81,340","81,468","80,416","","-0.90%"
"08/01/2017","81,301","81,505","81,691","81,005","","-0.17%"
"07/31/2017","81,442","81,429","81,554","81,168","","0.12%"
"07/28/2017","81,347","80,733","81,504","80,685","","0.82%"
"07/27/2017","80,686","81,158","81,372","80,438","","-0.49%"
"07/26/2017","81,080","80,500","81,327","80,117","","0.87%"
"07/25/2017","80,382","80,806","80,975","80,416","","-0.52%"
"07/24/2017","80,800","80,828","81,086","80,660","","0.03%"
"07/21/2017","80,778","80,124","80,885","80,031","","0.86%"
"07/20/2017","80,092","79,751","80,332","79,553","","0.47%"
"07/19/2017","79,715","79,910","80,017","79,517","","-0.13%"
"07/18/2017","79,819","79,427","80,097","79,316","","0.56%"
"07/17/2017","79,376","79,169","79,551","79,094","","0.36%"
"07/14/2017","79,091","78,484","79,397","78,310","","0.80%"
"07/13/2017","78,465","78,660","78,939","78,403","","-0.19%"
"07/12/2017","78,617","78,608","79,045","78,371","","0.07%"
"07/11/2017","78,564","78,295","78,619","77,959","","0.42%"
"07/10/2017","78,238","78,416","78,460","77,754","","-0.14%"
"07/07/2017","78,347","79,298","79,351","78,023","","-1.16%"
"07/06/2017","79,266","79,506","79,660","79,126","","-0.26%"
"07/05/2017","79,475","79,292","79,642","78,890","","0.27%"
"07/04/2017","79,259","79,218","79,593","79,146","","0.16%"
"07/03/2017","79,128","80,242","80,319","79,020","","-1.34%"
"06/30/2017","80,200","80,550","80,810","80,107","","-0.39%"
"06/29/2017","80,516","80,612","80,886","80,169","","-0.03%"
"06/28/2017","80,542","80,398","81,017","80,398","","0.19%"
"06/27/2017","80,392","80,186","80,796","79,982","","0.30%"
"06/26/2017","80,155","81,133","81,173","79,704","","-1.07%"
"06/23/2017","81,020","80,796","81,261","80,733","","0.34%"
"06/22/2017","80,748","80,440","81,051","80,414","","0.42%"
"06/21/2017","80,408","80,226","80,621","80,058","","0.25%"
"06/20/2017","80,205","80,183","80,569","80,108","","0.09%"
"06/19/2017","80,136","80,827","80,946","80,165","","-0.78%"
"06/16/2017","80,770","80,965","81,141","80,774","","-0.17%"
"06/15/2017","80,908","81,020","81,381","80,805","","-0.11%"
"06/14/2017","80,999","81,467","82,199","80,742","","-0.52%"
"06/13/2017","81,426","81,612","81,730","81,065","","-0.16%"
"06/12/2017","81,556","81,405","81,870","81,347","","0.24%"
"06/09/2017","81,359","82,131","82,330","81,238","","-0.85%"
"06/08/2017","82,059","82,950","82,994","81,699","","-0.99%"
"06/07/2017","82,880","83,372","83,457","82,649","","-0.55%"
"06/06/2017","83,337","82,365","83,512","82,335","","1.23%"
"06/05/2017","82,323","82,414","82,617","82,222","","-0.10%"
"06/02/2017","82,405","81,636","82,450","81,082","","1.08%"
"06/01/2017","81,528","81,856","81,973","81,283","","-0.33%"
"05/31/2017","81,798","81,628","82,205","81,281","","0.25%"
"05/30/2017","81,596","81,788","82,076","81,422","","-0.18%"
"05/29/2017","81,740","81,754","81,872","81,644","","0.03%"
"05/26/2017","81,712","81,055","81,929","80,881","","0.84%"
"05/25/2017","81,033","81,500","81,606","80,934","","-0.52%"
"05/24/2017","81,459","81,196","81,565","80,919","","0.40%"
"05/23/2017","81,137","81,316","81,932","81,149","","-0.14%"
"05/22/2017","81,249","81,097","81,506","80,710","","0.27%"
"05/19/2017","81,033","80,909","81,422","80,698","","0.20%"
"05/18/2017","80,871","80,897","82,060","80,671","","0.07%"
"05/17/2017","80,814","79,259","80,897","79,179","","2.08%"
"05/16/2017","79,167","78,845","79,388","78,822","","0.50%"
"05/15/2017","78,776","78,916","79,272","78,712","","-0.16%"
"05/12/2017","78,905","78,886","79,159","78,796","","0.08%"
"05/11/2017","78,842","78,776","79,116","78,558","","0.14%"
"05/10/2017","78,729","78,988","79,219","78,613","","-0.29%"
"05/09/2017","78,956","78,933","79,322","78,521","","0.11%"
"05/08/2017","78,868","78,815","79,513","78,799","","-0.08%"
"05/05/2017","78,934","78,856","79,520","78,771","","0.17%"
"05/04/2017","78,797","79,454","79,698","78,722","","-0.77%"
"05/03/2017","79,406","80,636","80,669","79,316","","-1.51%"
"05/02/2017","80,623","80,756","80,833","80,387","","-0.13%"
"05/01/2017","80,728","81,552","81,742","80,586","","-0.91%"
"04/28/2017","81,472","81,051","81,607","80,981","","0.58%"
"04/27/2017","81,003","81,373","81,439","80,855","","-0.41%"
"04/26/2017","81,333","81,291","81,514","80,772","","0.08%"
"04/25/2017","81,266","82,333","82,443","81,159","","-1.17%"
"04/24/2017","82,230","82,106","82,599","81,631","","-0.91%"
"04/21/2017","82,985","82,833","83,322","82,564","","0.23%"
"04/20/2017","82,794","82,769","82,948","82,490","","0.15%"
"04/19/2017","82,669","83,330","83,405","82,413","","-0.73%"
"04/18/2017","83,273","82,853","83,514","82,596","","0.59%"
"04/17/2017","82,786","83,363","83,544","82,622","","-0.07%"
"04/14/2017","82,843","82,963","83,049","82,827","","-0.12%"
"04/13/2017","82,945","83,230","83,344","82,563","","-0.30%"
"04/12/2017","83,198","82,254","83,283","82,201","","1.16%"
"04/11/2017","82,241","81,062","82,358","80,922","","1.53%"
"04/10/2017","81,005","80,605","81,202","80,446","","0.50%"
"04/07/2017","80,599","80,886","82,076","80,496","","-0.29%"
"04/06/2017","80,836","81,453","81,689","80,686","","-0.72%"
"04/05/2017","81,425","81,755","81,847","80,685","","-0.33%"
"04/04/2017","81,693","81,449","81,980","81,449","","0.37%"
"04/03/2017","81,392","80,965","81,572","80,796","","0.51%"
"03/31/2017","80,979","80,641","81,129","80,416","","0.47%"
"03/30/2017","80,602","81,221","81,349","80,585","","-0.72%"
"03/29/2017","81,189","81,399","81,458","81,021","","-0.23%"
"03/28/2017","81,374","81,510","81,861","81,154","","-0.10%"
"03/27/2017","81,459","81,652","82,327","81,406","","0.14%"
"03/24/2017","81,345","81,491","81,925","81,213","","-0.13%"
"03/23/2017","81,447","81,775","82,066","81,329","","-0.31%"
"03/22/2017","81,702","81,317","81,901","81,273","","0.52%"
"03/21/2017","81,278","80,621","81,561","80,170","","0.90%"
"03/20/2017","80,549","80,510","80,864","80,440","","0.16%"
"03/17/2017","80,422","80,225","80,663","80,063","","0.33%"
"03/16/2017","80,158","80,061","80,665","79,916","","0.20%"
"03/15/2017","79,999","78,870","80,218","78,626","","1.53%"
"03/14/2017","78,790","79,684","79,778","78,744","","-1.06%"
"03/13/2017","79,632","80,230","80,631","79,550","","-0.63%"
"03/10/2017","80,133","80,088","80,318","79,633","","0.12%"
"03/09/2017","80,037","80,655","80,745","79,977","","-0.72%"
"03/08/2017","80,621","80,999","81,230","80,549","","-0.45%"
"03/07/2017","80,989","81,724","81,834","80,879","","-0.82%"
"03/06/2017","81,658","82,337","82,609","81,616","","-0.88%"
"03/03/2017","82,384","82,437","82,578","81,664","","-0.01%"
"03/02/2017","82,389","83,548","83,598","82,208","","-1.32%"
"03/01/2017","83,490","83,298","83,646","82,678","","0.30%"
"02/28/2017","83,240","83,544","83,938","83,201","","-0.37%"
"02/27/2017","83,545","83,830","84,320","83,427","","-0.20%"
"02/24/2017","83,712","83,316","83,985","83,198","","0.52%"
"02/23/2017","83,283","82,857","83,458","82,579","","0.64%"
"02/22/2017","82,754","82,790","83,092","82,485","","0.04%"
"02/21/2017","82,722","82,817","83,057","82,079","","-0.11%"
"02/20/2017","82,816","82,865","83,072","82,532","","-0.02%"
"02/17/2017","82,834","83,136","83,482","82,822","","-0.29%"
"02/16/2017","83,077","82,496","83,362","82,398","","0.83%"
"02/15/2017","82,393","82,120","82,501","81,497","","0.40%"
"02/14/2017","82,062","82,056","82,500","81,723","","0.08%"
"02/13/2017","81,995","82,370","82,540","81,738","","-0.55%"
"02/10/2017","82,448","82,018","82,686","81,592","","0.52%"
"02/09/2017","82,021","83,232","83,335","81,991","","-1.50%"
"02/08/2017","83,268","83,058","83,478","82,833","","0.34%"
"02/07/2017","82,983","83,036","83,256","82,751","","0.01%"
"02/06/2017","82,975","81,978","83,058","81,907","","1.26%"
"02/03/2017","81,940","81,718","82,087","81,275","","0.31%"
"02/02/2017","81,684","81,535","82,502","81,452","","0.22%"
"02/01/2017","81,508","81,754","81,978","80,803","","-0.19%"
"01/31/2017","81,660","81,069","82,115","80,978","","0.76%"
"01/30/2017","81,045","81,155","81,434","80,720","","-0.06%"
"01/27/2017","81,098","81,028","81,173","80,363","","0.13%"
"01/26/2017","80,989","81,599","81,768","80,786","","-0.70%"
"01/25/2017","81,563","82,390","82,501","81,277","","-0.96%"
"01/24/2017","82,350","82,902","83,048","82,227","","-0.61%"
"01/23/2017","82,856","82,359","83,030","82,352","","0.68%"
"01/20/2017","82,294","82,044","82,740","81,732","","0.35%"
"01/19/2017","82,007","82,171","82,281","81,538","","-0.11%"
"01/18/2017","82,094","82,570","82,840","82,013","","-0.54%"
"01/17/2017","82,538","81,939","82,846","81,906","","0.78%"
"01/16/2017","81,902","81,642","82,294","81,642","","0.36%"
"01/13/2017","81,605","81,473","81,871","81,008","","0.21%"
"01/12/2017","81,434","81,384","82,147","81,338","","0.14%"
"01/11/2017","81,324","81,142","81,751","80,582","","0.27%"
"01/10/2017","81,107","80,436","81,228","80,410","","0.89%"
"01/09/2017","80,394","79,887","80,844","79,876","","0.68%"
"01/06/2017","79,851","79,933","80,321","79,747","","-0.05%"
"01/05/2017","79,890","78,958","80,302","78,939","","1.22%"
"01/04/2017","78,926","79,134","79,607","78,845","","-0.19%"
"01/03/2017","79,075","78,513","79,580","78,282","","0.77%"
"01/02/2017","78,472","78,273","78,623","78,233","","0.30%"
"12/30/2016","78,235","78,662","79,042","78,087","","-0.49%"
"12/29/2016","78,617","77,895","78,764","77,835","","1.02%"
"12/28/2016","77,823","77,421","78,115","77,392","","0.61%"
"12/27/2016","77,350","76,932","78,163","76,706","","0.72%"
"12/26/2016","76,799","76,897","76,952","76,771","","-0.07%"
"12/23/2016","76,855","76,576","77,109","76,536","","0.46%"
"12/22/2016","76,506","76,674","77,051","76,521","","-0.16%"
"12/21/2016","76,627","76,885","77,259","76,630","","-0.28%"
"12/20/2016","76,840","77,257","77,348","76,609","","-0.51%"
"12/19/2016","77,234","76,944","77,518","76,932","","0.39%"
"12/16/2016","76,932","76,568","77,426","76,396","","0.49%"
"12/15/2016","76,560","77,118","77,507","76,234","","-0.67%"
"12/14/2016","77,079","78,080","78,688","76,903","","-1.24%"
"12/13/2016","78,050","78,381","78,576","77,934","","-0.37%"
"12/12/2016","78,339","78,121","78,573","77,783","","0.30%"
"12/09/2016","78,101","78,920","79,117","78,068","","-1.18%"
"12/08/2016","79,033","79,177","79,581","78,823","","-0.11%"
"12/07/2016","79,123","79,263","79,810","79,062","","-0.12%"
"12/06/2016","79,221","79,640","80,023","79,040","","-0.48%"
"12/05/2016","79,600","80,061","80,816","78,886","","-0.57%"
"12/02/2016","80,059","79,948","80,450","79,635","","0.16%"
"12/01/2016","79,930","80,488","80,637","79,424","","-0.66%"
"11/30/2016","80,464","81,539","82,017","80,281","","-1.26%"
"11/29/2016","81,493","81,831","81,960","81,167","","-0.32%"
"11/28/2016","81,757","81,087","82,296","81,087","","0.89%"
"11/25/2016","81,037","81,406","81,725","80,387","","-0.38%"
"11/24/2016","81,346","81,724","81,852","81,275","","-0.38%"
"11/23/2016","81,653","82,916","83,261","81,400","","-1.48%"
"11/22/2016","82,876","82,824","83,330","82,585","","0.12%"
"11/21/2016","82,781","82,417","82,960","82,197","","0.46%"
"11/18/2016","82,404","82,755","82,804","82,000","","-0.37%"
"11/17/2016","82,707","83,224","83,580","82,373","","-0.59%"
"11/16/2016","83,201","83,291","83,656","83,040","","-0.05%"
"11/15/2016","83,246","82,772","83,360","82,651","","0.61%"
"11/14/2016","82,740","82,979","83,298","81,982","","-0.04%"
"11/11/2016","82,773","84,210","85,084","82,392","","-1.66%"
"11/10/2016","84,168","85,013","85,848","83,743","","-0.93%"
"11/09/2016","84,961","84,492","89,489","84,108","","0.59%"
"11/08/2016","84,464","85,541","85,832","84,431","","-1.20%"
"11/07/2016","85,494","87,118","87,118","85,305","","-1.81%"
"11/04/2016","87,068","86,838","87,222","86,375","","0.31%"
"11/03/2016","86,803","86,594","87,183","85,801","","0.31%"
"11/02/2016","86,534","85,921","87,308","85,851","","0.76%"
"11/01/2016","85,882","85,183","86,232","85,043","","0.84%"
"10/31/2016","85,163","85,229","85,476","84,797","","-0.04%"
"10/28/2016","85,194","84,858","85,813","84,333","","0.47%"
"10/27/2016","84,799","84,713","85,041","84,605","","0.14%"
"10/26/2016","84,676","85,129","85,294","84,508","","-0.48%"
"10/25/2016","85,082","84,529","85,322","84,410","","0.71%"
"10/24/2016","84,483","84,772","85,052","84,349","","-0.29%"
"10/21/2016","84,732","84,600","84,935","84,353","","0.19%"
"10/20/2016","84,567","84,596","85,080","84,505","","0.01%"
"10/19/2016","84,561","84,282","84,884","84,074","","0.41%"
"10/18/2016","84,220","83,880","84,385","83,793","","0.43%"
"10/17/2016","83,861","83,434","84,011","83,404","","0.57%"
"10/14/2016","83,384","84,035","84,116","83,234","","-0.71%"
"10/13/2016","83,981","83,890","84,444","83,720","","0.19%"
"10/12/2016","83,819","83,737","84,065","83,487","","0.13%"
"10/11/2016","83,713","83,783","84,151","83,406","","-0.01%"
"10/10/2016","83,725","83,716","84,251","83,593","","0.06%"
"10/07/2016","83,671","83,686","84,312","82,681","","0.04%"
"10/06/2016","83,640","84,329","84,595","83,362","","-0.76%"
"10/05/2016","84,278","84,484","84,955","83,975","","-0.19%"
"10/04/2016","84,435","87,314","87,394","84,366","","-3.24%"
"10/03/2016","87,258","87,584","87,841","87,070","","-0.35%"
"09/30/2016","87,561","88,210","88,588","87,489","","-0.71%"
"09/29/2016","88,191","87,671","88,575","87,646","","0.62%"
"09/28/2016","87,649","88,170","88,232","87,632","","-0.53%"
"09/27/2016","88,117","89,128","89,358","88,107","","-1.09%"
"09/26/2016","89,085","89,227","89,423","88,936","","-0.11%"
"09/23/2016","89,187","89,111","89,356","88,894","","0.15%"
"09/22/2016","89,053","89,251","89,520","88,791","","-0.15%"
"09/21/2016","89,186","88,076","89,422","87,856","","1.31%"
"09/20/2016","88,030","87,972","88,288","87,900","","0.09%"
"09/19/2016","87,946","87,897","88,265","87,770","","0.10%"
"09/16/2016","87,860","87,905","88,147","87,664","","-0.02%"
"09/15/2016","87,879","88,372","88,777","87,611","","-0.51%"
"09/14/2016","88,333","88,562","88,777","88,265","","-0.22%"
"09/13/2016","88,526","88,603","89,068","88,299","","-0.04%"
"09/12/2016","88,558","88,854","89,062","88,188","","-0.26%"
"09/09/2016","88,788","89,185","89,321","88,773","","-0.39%"
"09/08/2016","89,135","89,429","89,646","88,909","","-0.29%"
"09/07/2016","89,391","89,470","89,808","89,120","","-0.03%"
"09/06/2016","89,422","88,103","89,630","88,051","","1.51%"
"09/05/2016","88,095","88,455","88,526","88,016","","-0.38%"
"09/02/2016","88,431","87,762","88,630","87,534","","0.79%"
"09/01/2016","87,736","87,663","88,006","87,227","","0.14%"
"08/31/2016","87,617","88,042","88,335","87,419","","-0.43%"
"08/30/2016","87,993","88,819","88,946","87,886","","-0.87%"
"08/29/2016","88,769","88,710","89,018","88,319","","0.13%"
"08/26/2016","88,651","88,590","89,718","88,359","","0.10%"
"08/25/2016","88,558","88,942","89,125","88,352","","-0.33%"
"08/24/2016","88,855","89,763","90,000","88,828","","-0.98%"
"08/23/2016","89,737","89,985","90,173","89,634","","-0.22%"
"08/22/2016","89,939","89,986","90,235","89,397","","-0.12%"
"08/19/2016","90,050","90,376","90,495","89,805","","-0.32%"
"08/18/2016","90,342","90,231","90,679","89,884","","0.19%"
"08/17/2016","90,170","89,994","90,446","89,542","","0.22%"
"08/16/2016","89,974","89,556","90,613","89,556","","0.53%"
"08/15/2016","89,497","89,404","89,885","89,331","","0.16%"
"08/12/2016","89,355","89,369","90,585","89,149","","0.03%"
"08/11/2016","89,325","89,910","90,349","89,171","","-0.61%"
"08/10/2016","89,871","89,524","90,488","89,509","","0.43%"
"08/09/2016","89,485","89,217","89,662","88,998","","0.34%"
"08/08/2016","89,184","89,285","89,458","88,808","","-0.09%"
"08/05/2016","89,268","90,983","91,257","89,198","","-1.84%"
"08/04/2016","90,942","90,690","91,264","90,282","","0.33%"
"08/03/2016","90,647","90,939","91,497","90,563","","-0.26%"
"08/02/2016","90,887","90,350","91,202","89,948","","0.64%"
"08/01/2016","90,309","89,982","90,478","89,743","","0.37%"
"07/29/2016","89,974","89,516","90,434","89,198","","0.55%"
"07/28/2016","89,485","89,867","90,208","89,252","","-0.38%"
"07/27/2016","89,830","88,885","90,045","88,533","","1.10%"
"07/26/2016","88,849","88,688","89,176","88,558","","0.23%"
"07/25/2016","88,644","88,797","89,166","88,178","","-0.13%"
"07/22/2016","88,759","89,387","89,598","88,560","","-0.66%"
"07/21/2016","89,352","88,384","89,601","88,061","","1.13%"
"07/20/2016","88,353","89,504","89,775","88,159","","-1.26%"
"07/19/2016","89,484","89,212","89,675","89,057","","0.35%"
"07/18/2016","89,170","89,765","89,765","88,850","","-0.68%"
"07/15/2016","89,784","89,236","89,941","88,655","","0.66%"
"07/14/2016","89,196","89,979","90,279","88,323","","-0.84%"
"07/13/2016","89,952","89,254","90,315","88,921","","0.93%"
"07/12/2016","89,127","91,014","91,216","89,181","","-2.00%"
"07/11/2016","90,948","91,766","92,323","90,728","","-0.85%"
"07/08/2016","91,725","91,833","91,991","90,407","","-0.07%"
"07/07/2016","91,793","91,932","92,461","91,064","","-0.12%"
"07/06/2016","91,902","91,455","92,860","91,448","","0.54%"
"07/05/2016","91,406","90,847","91,563","90,093","","0.64%"
"07/04/2016","90,821","90,209","91,292","89,923","","0.75%"
"07/01/2016","90,149","89,259","90,352","89,172","","1.05%"
"06/30/2016","89,212","88,886","89,393","88,626","","0.37%"
"06/29/2016","88,883","88,876","89,690","88,759","","0.05%"
"06/28/2016","88,836","89,951","90,108","88,708","","-1.22%"
"06/27/2016","89,932","89,340","90,675","89,340","","0.72%"
"06/24/2016","89,288","84,477","92,587","84,163","","5.74%"
"06/23/2016","84,440","85,403","85,657","84,473","","-1.09%"
"06/22/2016","85,372","85,798","86,007","85,122","","-0.43%"
"06/21/2016","85,738","87,053","87,355","85,500","","-1.58%"
"06/20/2016","87,111","86,242","87,267","85,950","","0.06%"
"06/17/2016","87,063","86,109","87,172","85,935","","1.17%"
"06/16/2016","86,055","86,632","88,703","86,078","","-0.62%"
"06/15/2016","86,593","86,526","86,946","85,822","","0.12%"
"06/14/2016","86,489","86,273","86,793","85,795","","0.30%"
"06/13/2016","86,231","85,301","86,409","85,228","","1.13%"
"06/10/2016","85,271","84,758","85,522","84,484","","0.70%"
"06/09/2016","84,680","83,921","84,838","83,852","","0.94%"
"06/08/2016","83,894","82,912","84,107","82,911","","1.24%"
"06/07/2016","82,870","83,194","83,323","82,440","","-0.31%"
"06/06/2016","83,132","83,267","83,669","82,901","","-0.25%"
"06/03/2016","83,341","81,479","83,408","81,184","","2.36%"
"06/02/2016","81,419","81,882","82,025","81,331","","-0.40%"
"06/01/2016","81,744","81,673","82,349","81,359","","0.15%"
"05/31/2016","81,626","80,978","81,973","80,961","","0.84%"
"05/30/2016","80,942","81,335","81,384","80,470","","-0.37%"
"05/27/2016","81,243","81,679","82,077","80,922","","-0.46%"
"05/26/2016","81,622","82,388","83,082","81,567","","-0.84%"
"05/25/2016","82,315","82,981","83,245","81,982","","-0.75%"
"05/24/2016","82,936","84,235","84,435","82,942","","-1.44%"
"05/23/2016","84,147","84,331","84,685","83,987","","-0.27%"
"05/20/2016","84,377","84,598","85,026","84,209","","-0.22%"
"05/19/2016","84,559","84,486","84,860","84,081","","0.14%"
"05/18/2016","84,443","85,525","85,654","84,253","","-1.22%"
"05/17/2016","85,486","85,151","85,681","84,718","","0.44%"
"05/16/2016","85,110","85,073","86,113","84,920","","0.00%"
"05/13/2016","85,107","84,348","85,265","84,348","","0.95%"
"05/12/2016","84,309","85,045","85,342","84,340","","-0.82%"
"05/11/2016","85,006","84,381","85,225","84,331","","0.79%"
"05/10/2016","84,342","84,364","84,624","83,743","","0.02%"
"05/09/2016","84,325","85,575","85,739","84,133","","-1.71%"
"05/06/2016","85,788","85,077","86,242","84,874","","0.90%"
"05/05/2016","85,025","85,248","85,533","84,461","","-0.22%"
"05/04/2016","85,210","85,621","85,858","84,760","","-0.40%"
"05/03/2016","85,554","85,689","86,324","85,282","","-0.12%"
"05/02/2016","85,654","85,932","86,592","85,447","","-0.28%"
"04/29/2016","85,898","84,088","86,036","84,022","","2.19%"
"04/28/2016","84,056","82,729","84,380","82,248","","1.70%"
"04/27/2016","82,655","82,573","83,205","82,465","","0.19%"
"04/26/2016","82,501","82,560","82,794","81,939","","-0.01%"
"04/25/2016","82,510","82,132","82,846","82,045","","0.49%"
"04/22/2016","82,107","83,051","83,302","81,833","","-1.07%"
"04/21/2016","82,997","82,328","84,231","82,244","","0.86%"
"04/20/2016","82,291","82,705","83,358","82,155","","-0.47%"
"04/19/2016","82,681","81,795","83,187","81,562","","1.13%"
"04/18/2016","81,756","82,237","82,645","81,790","","-0.57%"
"04/15/2016","82,224","81,741","82,265","81,635","","0.64%"
"04/14/2016","81,703","82,676","82,980","81,508","","-1.12%"
"04/13/2016","82,627","83,240","83,373","82,519","","-0.70%"
"04/12/2016","83,209","83,393","83,958","83,121","","-0.15%"
"04/11/2016","83,337","82,531","83,552","82,531","","1.00%"
"04/08/2016","82,512","82,825","82,860","81,925","","-0.33%"
"04/07/2016","82,785","81,308","82,949","81,288","","1.87%"
"04/06/2016","81,262","81,773","81,974","81,144","","-0.58%"
"04/05/2016","81,733","80,353","82,240","80,234","","1.80%"
"04/04/2016","80,284","80,969","81,144","80,272","","-1.00%"
"04/01/2016","81,094","81,673","81,968","80,296","","-0.64%"
"03/31/2016","81,617","81,356","82,135","81,254","","0.43%"
"03/30/2016","81,267","82,475","82,508","81,209","","-1.39%"
"03/29/2016","82,412","81,334","82,542","80,845","","1.38%"
"03/28/2016","81,293","81,308","81,396","80,846","","0.04%"
"03/25/2016","81,259","81,436","81,451","81,188","","-0.14%"
"03/24/2016","81,370","81,667","81,883","81,112","","-0.32%"
"03/23/2016","81,630","83,336","83,443","81,173","","-2.00%"
"03/22/2016","83,298","82,710","84,079","82,673","","0.76%"
"03/21/2016","82,666","83,331","83,444","82,467","","-0.73%"
"03/18/2016","83,272","83,797","84,409","82,832","","-0.59%"
"03/17/2016","83,769","84,845","84,845","83,655","","-1.22%"
"03/16/2016","84,806","83,026","84,934","82,583","","2.19%"
"03/15/2016","82,990","82,934","83,417","82,406","","0.11%"
"03/14/2016","82,897","83,705","84,525","82,536","","-0.80%"
"03/11/2016","83,563","85,559","86,367","83,570","","-2.28%"
"03/10/2016","85,511","84,002","85,798","82,853","","1.88%"
"03/09/2016","83,930","84,930","85,216","83,521","","-1.13%"
"03/08/2016","84,891","84,908","86,126","84,732","","0.04%"
"03/07/2016","84,855","84,346","85,500","84,259","","0.73%"
"03/04/2016","84,243","84,940","85,787","83,821","","-0.78%"
"03/03/2016","84,901","83,553","85,102","83,366","","1.64%"
"03/02/2016","83,528","83,438","83,863","82,901","","0.09%"
"03/01/2016","83,450","84,490","85,263","83,224","","-1.18%"
"02/29/2016","84,450","84,038","84,661","83,725","","0.54%"
"02/26/2016","83,999","84,828","85,313","83,342","","-0.92%"
"02/25/2016","84,775","84,139","85,574","83,512","","0.80%"
"02/24/2016","84,101","84,143","85,810","83,708","","0.00%"
"02/23/2016","84,103","82,879","84,162","82,791","","1.55%"
"02/22/2016","82,816","84,182","84,232","82,436","","-1.58%"
"02/19/2016","84,148","84,338","84,641","83,618","","-0.19%"
"02/18/2016","84,311","82,568","84,984","82,249","","2.15%"
"02/17/2016","82,537","82,175","83,223","81,963","","0.50%"
"02/16/2016","82,125","82,446","83,271","81,268","","-0.31%"
"02/15/2016","82,379","83,973","84,098","81,939","","-2.27%"
"02/12/2016","84,295","85,395","85,466","84,063","","-1.24%"
"02/11/2016","85,355","81,276","86,284","81,180","","5.07%"
"02/10/2016","81,236","80,748","81,284","80,155","","0.67%"
"02/09/2016","80,699","80,932","81,667","80,629","","-0.21%"
"02/08/2016","80,869","79,670","81,702","78,978","","1.66%"
"02/05/2016","79,549","78,056","79,668","77,555","","1.96%"
"02/04/2016","78,017","77,615","78,224","77,235","","0.57%"
"02/03/2016","77,577","76,746","77,851","76,536","","1.14%"
"02/02/2016","76,706","76,528","76,886","76,258","","0.26%"
"02/01/2016","76,511","75,890","76,717","75,782","","0.87%"
"01/29/2016","75,852","75,885","76,182","75,347","","0.01%"
"01/28/2016","75,847","76,672","76,780","75,689","","-1.02%"
"01/27/2016","76,627","75,907","76,914","75,753","","1.04%"
"01/26/2016","75,841","75,108","76,078","75,009","","0.98%"
"01/25/2016","75,101","74,222","75,175","74,151","","1.28%"
"01/22/2016","74,152","74,687","74,750","73,973","","-0.63%"
"01/21/2016","74,620","74,828","75,240","74,126","","-0.23%"
"01/20/2016","74,792","73,608","75,541","73,605","","1.66%"
"01/19/2016","73,570","73,677","73,999","73,235","","-0.10%"
"01/18/2016","73,645","73,804","74,077","73,501","","-0.15%"
"01/15/2016","73,755","72,590","74,355","72,441","","1.68%"
"01/14/2016","72,539","73,167","73,699","72,226","","-0.81%"
"01/13/2016","73,131","72,772","73,343","72,174","","0.53%"
"01/12/2016","72,746","73,068","73,603","72,341","","-0.38%"
"01/11/2016","73,025","73,839","74,164","73,025","","-1.01%"
"01/08/2016","73,772","74,179","74,434","72,975","","-0.52%"
"01/07/2016","74,158","72,960","74,357","72,847","","1.69%"
"01/06/2016","72,924","71,642","73,135","71,535","","1.87%"
"01/05/2016","71,586","71,540","72,071","71,447","","0.15%"
"01/04/2016","71,482","70,184","72,134","70,184","","1.81%"
"01/01/2016","70,214","70,238","70,286","70,141","","0.03%"
"12/31/2015","70,190","70,590","70,684","70,029","","-0.47%"
"12/30/2015","70,520","70,815","71,226","70,361","","-0.37%"
"12/29/2015","70,785","70,730","71,382","70,648","","0.15%"
"12/28/2015","70,677","71,043","71,119","70,529","","-0.45%"
"12/25/2015","71,000","70,951","71,050","70,950","","0.15%"
"12/24/2015","70,891","70,662","71,137","70,649","","0.41%"
"12/23/2015","70,603","71,035","71,240","70,547","","-0.56%"
"12/22/2015","71,003","71,470","71,635","70,936","","-0.58%"
"12/21/2015","71,415","70,708","71,675","70,486","","1.15%"
"12/18/2015","70,605","69,858","70,975","69,856","","1.11%"
"12/17/2015","69,832","71,252","71,375","69,418","","-1.97%"
"12/16/2015","71,238","70,931","71,814","70,881","","0.50%"
"12/15/2015","70,884","71,146","71,568","70,770","","-0.32%"
"12/14/2015","71,110","72,121","72,362","71,131","","-1.39%"
"12/11/2015","72,111","71,547","72,523","71,095","","0.85%"
"12/10/2015","71,505","71,719","71,992","71,377","","-0.26%"
"12/09/2015","71,691","71,865","72,572","71,468","","-0.19%"
"12/08/2015","71,827","71,538","72,086","71,300","","0.46%"
"12/07/2015","71,496","72,441","72,516","71,449","","-1.25%"
"12/04/2015","72,404","70,946","72,583","70,668","","2.11%"
"12/03/2015","70,909","70,164","71,184","69,685","","1.12%"
"12/02/2015","70,120","71,062","71,231","69,944","","-1.27%"
"12/01/2015","71,025","70,766","71,436","70,721","","0.42%"
"11/30/2015","70,729","70,679","71,085","70,338","","0.00%"
"11/27/2015","70,726","71,351","71,484","70,367","","-0.83%"
"11/26/2015","71,319","71,112","71,535","71,012","","0.35%"
"11/25/2015","71,067","71,283","71,678","70,865","","-0.25%"
"11/24/2015","71,247","70,993","71,729","70,971","","0.41%"
"11/23/2015","70,953","71,247","71,370","70,628","","-0.31%"
"11/20/2015","71,170","71,542","72,036","71,071","","-0.44%"
"11/19/2015","71,485","70,733","71,794","70,707","","1.15%"
"11/18/2015","70,671","70,645","71,071","70,378","","0.13%"
"11/17/2015","70,579","71,359","71,540","70,305","","-1.01%"
"11/16/2015","71,301","71,631","72,645","71,270","","-0.36%"
"11/13/2015","71,557","71,679","71,997","71,353","","-0.13%"
"11/12/2015","71,651","71,768","72,010","70,986","","-0.07%"
"11/11/2015","71,703","72,137","72,408","71,628","","-0.55%"
"11/10/2015","72,098","72,600","72,739","71,919","","-0.67%"
"11/09/2015","72,584","72,089","72,765","72,040","","0.76%"
"11/06/2015","72,039","72,752","73,113","71,532","","-0.87%"
"11/05/2015","72,669","72,688","73,192","72,628","","0.02%"
"11/04/2015","72,651","73,316","73,662","72,455","","-0.82%"
"11/03/2015","73,253","74,325","74,531","73,026","","-1.38%"
"11/02/2015","74,280","74,726","74,845","74,246","","-0.56%"
"10/30/2015","74,701","74,995","75,155","74,532","","-0.35%"
"10/29/2015","74,964","75,093","75,756","74,813","","-0.12%"
"10/28/2015","75,052","75,963","76,754","74,881","","-1.15%"
"10/27/2015","75,925","75,540","76,024","75,459","","0.56%"
"10/26/2015","75,504","75,635","75,873","75,374","","-0.03%"
"10/23/2015","75,527","75,631","76,517","75,235","","-0.07%"
"10/22/2015","75,583","76,016","76,163","75,530","","-0.54%"
"10/21/2015","75,994","76,476","76,788","75,835","","-0.58%"
"10/20/2015","76,437","76,014","76,727","75,823","","0.61%"
"10/19/2015","75,976","76,168","76,320","75,811","","-0.21%"
"10/16/2015","76,137","76,641","76,807","76,049","","-0.61%"
"10/15/2015","76,602","76,724","77,143","76,255","","-0.11%"
"10/14/2015","76,688","76,090","77,102","75,625","","0.86%"
"10/13/2015","76,036","75,424","76,119","74,866","","0.87%"
"10/12/2015","75,384","74,983","75,742","74,792","","0.67%"
"10/09/2015","74,881","73,826","75,123","73,824","","1.47%"
"10/08/2015","73,798","74,380","74,739","73,818","","-0.69%"
"10/07/2015","74,311","74,720","75,276","74,106","","-0.52%"
"10/06/2015","74,698","73,978","75,069","73,956","","1.03%"
"10/05/2015","73,935","74,381","74,505","73,721","","-0.59%"
"10/02/2015","74,377","73,074","74,755","72,415","","1.82%"
"10/01/2015","73,046","73,056","73,342","72,833","","0.05%"
"09/30/2015","73,011","74,217","74,363","72,856","","-1.58%"
"09/29/2015","74,181","75,031","75,266","74,170","","-1.07%"
"09/28/2015","74,980","75,836","75,996","74,593","","-1.09%"
"09/25/2015","75,810","76,289","76,338","75,426","","-0.58%"
"09/24/2015","76,253","74,815","76,737","74,747","","1.98%"
"09/23/2015","74,774","74,126","75,017","74,016","","0.96%"
"09/22/2015","74,065","74,469","74,802","73,913","","-0.48%"
"09/21/2015","74,423","75,052","75,101","74,265","","-0.76%"
"09/18/2015","74,993","74,815","75,137","74,263","","0.36%"
"09/17/2015","74,725","74,101","74,920","73,818","","0.86%"
"09/16/2015","74,091","73,443","74,759","73,359","","0.94%"
"09/15/2015","73,404","73,507","73,694","73,240","","-0.06%"
"09/14/2015","73,449","73,382","73,787","73,192","","0.15%"
"09/11/2015","73,338","73,647","73,906","72,946","","-0.35%"
"09/10/2015","73,598","73,827","74,175","73,467","","-0.22%"
"09/09/2015","73,760","74,355","74,726","73,221","","-0.76%"
"09/08/2015","74,328","74,841","75,043","74,333","","-0.68%"
"09/07/2015","74,840","74,933","75,071","74,532","","0.09%"
"09/04/2015","74,774","74,416","75,181","74,308","","0.57%"
"09/03/2015","74,352","75,076","75,167","74,215","","-0.91%"
"09/02/2015","75,038","75,696","75,810","74,914","","-0.82%"
"09/01/2015","75,659","75,365","76,182","75,291","","0.42%"
"08/31/2015","75,343","75,012","75,425","74,746","","0.50%"
"08/28/2015","74,966","74,214","75,436","74,196","","1.09%"
"08/27/2015","74,158","74,281","74,652","73,809","","-0.11%"
"08/26/2015","74,236","75,623","76,020","73,958","","-1.81%"
"08/25/2015","75,601","77,181","77,292","74,999","","-1.99%"
"08/24/2015","77,133","76,883","78,017","76,312","","0.66%"
"08/21/2015","76,631","75,394","76,829","75,385","","1.70%"
"08/20/2015","75,348","73,837","75,602","73,695","","2.08%"
"08/19/2015","73,814","73,164","74,056","72,893","","0.95%"
"08/18/2015","73,121","73,137","73,275","72,624","","0.04%"
"08/17/2015","73,091","72,524","73,371","72,504","","0.72%"
"08/14/2015","72,571","72,739","72,889","72,335","","-0.13%"
"08/13/2015","72,667","72,923","73,094","72,451","","-0.31%"
"08/12/2015","72,895","71,369","72,991","70,942","","2.23%"
"08/11/2015","71,308","70,450","71,672","69,781","","1.27%"
"08/10/2015","70,414","69,665","70,760","69,460","","1.02%"
"08/07/2015","69,704","69,562","70,172","69,126","","0.44%"
"08/06/2015","69,402","69,153","69,728","69,050","","0.48%"
"08/05/2015","69,070","69,377","69,591","68,963","","-0.39%"
"08/04/2015","69,337","69,730","69,861","69,207","","-0.48%"
"08/03/2015","69,669","70,117","70,251","69,594","","-0.59%"
"07/31/2015","70,081","69,861","70,537","69,230","","0.49%"
"07/30/2015","69,738","69,998","70,244","69,249","","-0.31%"
"07/29/2015","69,957","69,877","70,298","69,612","","0.20%"
"07/28/2015","69,818","70,284","70,393","69,756","","-0.53%"
"07/27/2015","70,192","70,518","70,864","69,975","","-0.30%"
"07/24/2015","70,400","69,707","70,597","68,888","","1.05%"
"07/23/2015","69,670","69,563","70,425","69,418","","0.24%"
"07/22/2015","69,505","69,997","70,160","69,168","","-0.68%"
"07/21/2015","69,978","69,747","70,583","69,726","","0.42%"
"07/20/2015","69,688","71,996","72,006","69,124","","-3.18%"
"07/17/2015","71,976","72,710","72,822","71,770","","-0.92%"
"07/16/2015","72,642","73,000","73,042","72,549","","-0.44%"
"07/15/2015","72,962","73,137","73,353","72,617","","-0.16%"
"07/14/2015","73,081","73,473","73,548","73,049","","-0.48%"
"07/13/2015","73,431","73,705","73,930","73,141","","-0.35%"
"07/10/2015","73,690","73,392","73,860","73,349","","0.46%"
"07/09/2015","73,355","73,478","74,107","73,339","","-0.11%"
"07/08/2015","73,438","73,422","74,046","72,974","","0.07%"
"07/07/2015","73,387","74,044","74,167","72,962","","-0.84%"
"07/06/2015","74,008","74,079","74,503","73,781","","-0.04%"
"07/03/2015","74,036","73,807","74,240","73,733","","0.36%"
"07/02/2015","73,773","74,271","74,381","73,499","","-0.63%"
"07/01/2015","74,243","74,516","74,879","74,211","","-0.34%"
"06/30/2015","74,493","75,166","75,254","74,159","","-0.82%"
"06/29/2015","75,113","74,644","75,768","74,641","","0.76%"
"06/26/2015","74,543","74,475","74,973","74,288","","0.13%"
"06/25/2015","74,448","74,704","75,000","74,415","","-0.26%"
"06/24/2015","74,641","74,947","75,139","74,439","","-0.39%"
"06/23/2015","74,930","75,340","75,564","74,786","","-0.48%"
"06/22/2015","75,292","76,271","76,321","75,072","","-1.13%"
"06/19/2015","76,154","76,420","76,715","76,093","","-0.30%"
"06/18/2015","76,383","75,859","76,816","75,770","","0.79%"
"06/17/2015","75,787","75,854","76,138","75,340","","-0.01%"
"06/16/2015","75,794","76,032","76,224","75,546","","-0.27%"
"06/15/2015","75,999","75,689","76,255","75,173","","0.42%"
"06/12/2015","75,678","75,625","75,929","75,414","","0.16%"
"06/11/2015","75,557","75,650","75,848","75,246","","-0.05%"
"06/10/2015","75,593","75,375","76,155","75,138","","0.41%"
"06/09/2015","75,281","75,074","75,665","75,027","","0.32%"
"06/08/2015","75,038","74,569","75,461","74,553","","0.50%"
"06/05/2015","74,662","75,240","75,475","74,154","","-0.69%"
"06/04/2015","75,181","75,838","76,117","75,018","","-0.79%"
"06/03/2015","75,779","76,000","76,297","75,564","","-0.20%"
"06/02/2015","75,929","75,633","76,322","75,546","","0.45%"
"06/01/2015","75,588","75,874","76,565","75,436","","-0.31%"
"05/29/2015","75,823","75,812","76,067","75,691","","0.11%"
"05/28/2015","75,742","75,825","76,099","75,345","","-0.04%"
"05/27/2015","75,769","75,957","76,323","75,768","","-0.15%"
"05/26/2015","75,885","76,647","76,911","75,794","","-0.95%"
"05/25/2015","76,615","76,618","76,774","76,398","","0.12%"
"05/22/2015","76,520","76,694","77,218","76,365","","-0.15%"
"05/21/2015","76,636","76,917","77,269","76,470","","-0.36%"
"05/20/2015","76,917","77,038","77,325","76,815","","-0.07%"
"05/19/2015","76,973","78,087","78,130","76,912","","-1.35%"
"05/18/2015","78,026","77,633","78,422","77,485","","0.52%"
"05/15/2015","77,621","77,399","77,737","76,994","","0.35%"
"05/14/2015","77,347","77,832","77,988","77,369","","-0.57%"
"05/13/2015","77,791","76,589","77,979","76,322","","1.63%"
"05/12/2015","76,546","75,776","76,947","75,717","","1.07%"
"05/11/2015","75,733","75,691","76,120","75,387","","0.06%"
"05/08/2015","75,686","75,890","76,336","75,522","","-0.18%"
"05/07/2015","75,820","75,846","76,311","75,594","","0.05%"
"05/06/2015","75,782","75,608","76,164","75,479","","0.28%"
"05/05/2015","75,567","75,479","76,065","75,279","","0.16%"
"05/04/2015","75,448","75,062","75,895","74,862","","0.55%"
"05/01/2015","75,037","75,037","75,037","75,037","","-0.22%"
"04/30/2015","75,204","76,454","76,892","74,888","","-1.59%"
"04/29/2015","76,419","76,416","76,906","76,151","","0.05%"
"04/28/2015","76,384","76,147","76,652","75,778","","0.35%"
"04/27/2015","76,114","75,102","76,484","75,036","","1.44%"
"04/24/2015","75,035","75,563","75,924","74,752","","-0.64%"
"04/23/2015","75,519","74,773","75,793","74,594","","1.06%"
"04/22/2015","74,724","75,608","75,794","74,650","","-1.05%"
"04/21/2015","75,517","75,506","75,761","75,019","","0.06%"
"04/20/2015","75,469","75,356","75,803","75,185","","0.24%"
"04/17/2015","75,287","74,687","75,391","74,615","","0.84%"
"04/16/2015","74,660","74,989","75,438","74,462","","-0.37%"
"04/15/2015","74,935","74,273","75,098","74,205","","0.95%"
"04/14/2015","74,229","74,810","74,987","73,896","","-0.74%"
"04/13/2015","74,782","75,179","75,332","74,635","","-0.46%"
"04/10/2015","75,131","74,440","75,494","74,334","","1.00%"
"04/09/2015","74,385","74,786","74,874","74,188","","-0.47%"
"04/08/2015","74,733","75,328","75,576","74,553","","-0.72%"
"04/07/2015","75,272","75,551","75,770","75,232","","-0.36%"
"04/06/2015","75,542","75,320","76,144","75,265","","0.76%"
"04/03/2015","74,972","74,623","75,158","74,459","","0.52%"
"04/02/2015","74,582","74,812","75,142","74,269","","-0.27%"
"04/01/2015","74,788","73,721","75,151","73,592","","1.49%"
"03/31/2015","73,691","74,127","74,370","73,623","","-0.58%"
"03/30/2015","74,121","74,997","75,022","73,980","","-1.05%"
"03/27/2015","74,909","75,714","75,755","74,532","","-1.01%"
"03/26/2015","75,674","74,614","76,364","74,596","","1.47%"
"03/25/2015","74,580","74,403","74,856","73,947","","0.28%"
"03/24/2015","74,372","74,019","74,508","73,742","","0.53%"
"03/23/2015","73,982","73,822","74,174","73,498","","0.30%"
"03/20/2015","73,759","73,203","74,166","73,012","","0.83%"
"03/19/2015","73,152","73,194","73,852","72,533","","-0.05%"
"03/18/2015","73,185","72,009","73,646","71,757","","1.68%"
"03/17/2015","71,977","72,505","72,700","71,681","","-0.64%"
"03/16/2015","72,440","73,150","73,173","72,290","","-0.72%"
"03/13/2015","72,966","72,155","73,078","72,117","","1.16%"
"03/12/2015","72,128","72,538","72,972","71,771","","-0.51%"
"03/11/2015","72,500","72,864","73,142","72,044","","-0.44%"
"03/10/2015","72,821","73,092","73,476","72,507","","-0.34%"
"03/09/2015","73,072","72,972","73,656","72,916","","0.26%"
"03/06/2015","72,881","74,738","74,982","72,696","","-2.46%"
"03/05/2015","74,716","74,794","75,288","74,557","","-0.05%"
"03/04/2015","74,756","74,407","75,184","74,399","","0.52%"
"03/03/2015","74,369","74,662","75,109","73,997","","-0.36%"
"03/02/2015","74,634","74,870","75,723","74,480","","-0.18%"
"02/27/2015","74,768","74,668","75,308","74,453","","0.19%"
"02/26/2015","74,627","74,535","75,416","74,473","","0.22%"
"02/25/2015","74,463","74,631","75,238","74,289","","-0.17%"
"02/24/2015","74,592","74,710","74,983","74,013","","-0.11%"
"02/23/2015","74,673","74,849","75,258","74,096","","0.10%"
"02/20/2015","74,596","74,990","75,682","74,444","","-0.48%"
"02/19/2015","74,952","75,249","76,009","74,818","","-0.35%"
"02/18/2015","75,213","75,194","75,453","74,541","","0.08%"
"02/17/2015","75,155","76,454","76,774","74,812","","-1.69%"
"02/16/2015","76,445","76,278","76,943","76,242","","0.23%"
"02/13/2015","76,271","75,927","76,669","75,875","","0.51%"
"02/12/2015","75,885","76,044","76,884","75,723","","-0.18%"
"02/11/2015","76,025","76,882","77,210","75,894","","-1.08%"
"02/10/2015","76,856","77,008","77,347","76,675","","-0.12%"
"02/09/2015","76,949","76,598","77,325","76,459","","0.69%"
"02/06/2015","76,423","78,041","78,392","76,110","","-2.04%"
"02/05/2015","78,012","78,510","78,891","77,514","","-0.55%"
"02/04/2015","78,446","77,629","78,632","77,441","","1.11%"
"02/03/2015","77,586","78,654","79,376","77,409","","-1.31%"
"02/02/2015","78,614","79,593","79,637","78,282","","-1.22%"
"01/30/2015","79,589","77,719","79,704","77,701","","2.49%"
"01/29/2015","77,653","78,808","79,022","77,547","","-1.40%"
"01/28/2015","78,758","79,357","79,465","78,603","","-0.72%"
"01/27/2015","79,328","78,786","79,628","78,245","","0.76%"
"01/26/2015","78,734","79,506","79,823","78,475","","-0.95%"
"01/23/2015","79,490","80,228","80,264","79,021","","-0.84%"
"01/22/2015","80,162","79,623","80,487","78,822","","0.75%"
"01/21/2015","79,566","79,837","80,376","79,132","","-0.29%"
"01/20/2015","79,794","78,693","79,987","78,533","","1.41%"
"01/19/2015","78,683","79,181","79,295","78,426","","-0.61%"
"01/16/2015","79,169","78,384","79,310","77,687","","1.08%"
"01/15/2015","78,326","76,320","78,602","75,474","","2.71%"
"01/14/2015","76,259","76,269","77,268","75,933","","0.02%"
"01/13/2015","76,242","76,561","77,209","76,074","","-0.34%"
"01/12/2015","76,504","76,268","76,747","75,714","","0.37%"
"01/09/2015","76,226","75,765","76,307","75,407","","0.62%"
"01/08/2015","75,756","76,632","76,852","75,505","","-1.13%"
"01/07/2015","76,620","77,482","77,525","76,494","","-1.07%"
"01/06/2015","77,447","76,305","77,741","76,112","","1.55%"
"01/05/2015","76,268","75,267","76,511","74,876","","1.46%"
"01/02/2015","75,171","74,920","75,597","73,993","","0.42%"
"01/01/2015","74,854","74,637","75,002","74,554","","0.33%"
"12/31/2014","74,609","76,097","76,319","74,355","","-1.92%"
"12/30/2014","76,066","75,338","76,715","74,959","","1.03%"
"12/29/2014","75,290","76,026","76,232","75,089","","-0.93%"
"12/26/2014","75,999","74,515","76,308","74,515","","1.98%"
"12/25/2014","74,522","74,522","74,522","74,522","","0.00%"
"12/24/2014","74,522","74,626","74,991","74,504","","-0.08%"
"12/23/2014","74,581","74,366","75,207","74,166","","0.34%"
"12/22/2014","74,330","75,621","75,952","74,026","","-1.69%"
"12/19/2014","75,605","75,486","75,951","75,309","","0.25%"
"12/18/2014","75,415","75,562","76,633","75,102","","-0.15%"
"12/17/2014","75,532","76,198","76,561","75,230","","-0.82%"
"12/16/2014","76,154","75,365","77,785","74,973","","1.10%"
"12/15/2014","75,324","76,444","76,911","75,241","","-1.41%"
"12/12/2014","76,398","76,713","76,744","75,987","","-0.36%"
"12/11/2014","76,673","76,162","76,943","75,903","","0.68%"
"12/10/2014","76,155","76,184","76,736","75,796","","0.02%"
"12/09/2014","76,143","74,409","76,633","74,154","","2.38%"
"12/08/2014","74,370","73,871","74,717","73,515","","0.80%"
"12/05/2014","73,779","74,466","74,702","73,350","","-0.88%"
"12/04/2014","74,433","74,826","75,073","74,378","","-0.46%"
"12/03/2014","74,780","74,040","75,168","73,820","","1.01%"
"12/02/2014","74,030","75,099","75,147","73,760","","-1.38%"
"12/01/2014","75,069","72,593","75,669","71,116","","3.42%"
"11/28/2014","72,584","73,657","73,927","72,496","","-1.44%"
"11/27/2014","73,641","74,024","74,204","73,349","","-0.47%"
"11/26/2014","73,990","74,294","74,405","73,908","","-0.36%"
"11/25/2014","74,254","74,057","74,485","73,710","","0.34%"
"11/24/2014","74,004","74,228","74,391","73,839","","-0.25%"
"11/21/2014","74,186","73,932","74,611","73,413","","0.40%"
"11/20/2014","73,892","73,258","74,201","72,905","","0.92%"
"11/19/2014","73,220","73,891","74,480","72,882","","-0.85%"
"11/18/2014","73,848","73,371","74,422","73,051","","0.69%"
"11/17/2014","73,341","73,364","73,710","72,968","","0.04%"
"11/14/2014","73,315","71,610","73,670","70,888","","2.41%"
"11/13/2014","71,592","71,367","71,905","71,000","","0.38%"
"11/12/2014","71,322","71,622","71,949","71,037","","-0.36%"
"11/11/2014","71,583","70,803","72,183","70,530","","1.18%"
"11/10/2014","70,751","72,547","72,572","70,543","","-2.29%"
"11/07/2014","72,410","70,227","72,527","69,676","","3.17%"
"11/06/2014","70,185","70,063","70,671","69,925","","0.23%"
"11/05/2014","70,025","71,734","71,824","69,949","","-2.33%"
"11/04/2014","71,693","71,585","72,009","71,390","","0.18%"
"11/03/2014","71,561","72,065","72,112","71,359","","-0.62%"
"10/31/2014","72,004","73,651","73,781","71,388","","-2.17%"
"10/30/2014","73,604","74,297","74,706","73,482","","-0.86%"
"10/29/2014","74,239","75,166","75,496","74,077","","-1.20%"
"10/28/2014","75,141","75,191","75,634","74,811","","-0.01%"
"10/27/2014","75,150","75,313","75,574","75,074","","-0.14%"
"10/24/2014","75,257","75,349","75,510","75,172","","-0.09%"
"10/23/2014","75,326","75,965","76,125","75,020","","-0.80%"
"10/22/2014","75,934","76,355","76,565","75,920","","-0.52%"
"10/21/2014","76,327","76,351","76,859","76,256","","0.01%"
"10/20/2014","76,316","75,982","76,511","75,615","","0.49%"
"10/17/2014","75,942","76,623","76,675","75,728","","-0.84%"
"10/16/2014","76,586","76,234","77,008","75,958","","0.49%"
"10/15/2014","76,210","75,694","76,704","74,967","","0.73%"
"10/14/2014","75,660","75,395","76,071","75,176","","0.41%"
"10/13/2014","75,353","74,973","75,819","74,743","","0.58%"
"10/10/2014","74,918","74,740","75,190","74,488","","0.28%"
"10/09/2014","74,712","74,929","75,199","74,478","","-0.25%"
"10/08/2014","74,902","74,127","75,086","74,000","","1.11%"
"10/07/2014","74,081","74,300","74,368","73,876","","-0.26%"
"10/06/2014","74,273","73,303","74,413","72,859","","1.33%"
"10/03/2014","73,294","74,749","74,816","73,241","","-1.92%"
"10/02/2014","74,729","74,931","75,349","74,395","","-0.21%"
"10/01/2014","74,885","74,833","75,291","74,381","","0.12%"
"09/30/2014","74,796","74,851","75,552","74,369","","-0.01%"
"09/29/2014","74,802","74,560","75,329","74,363","","0.47%"
"09/26/2014","74,454","74,924","75,697","74,129","","-0.60%"
"09/25/2014","74,905","74,173","75,131","73,695","","1.04%"
"09/24/2014","74,132","74,693","74,834","74,103","","-0.70%"
"09/23/2014","74,652","74,063","75,331","74,000","","0.86%"
"09/22/2014","74,012","74,036","74,392","73,476","","0.08%"
"09/19/2014","73,950","74,416","74,652","73,824","","-0.58%"
"09/18/2014","74,378","74,533","74,897","74,097","","-0.12%"
"09/17/2014","74,465","75,443","75,613","74,426","","-1.26%"
"09/16/2014","75,419","75,369","75,895","75,219","","0.09%"
"09/15/2014","75,349","74,509","75,720","74,345","","1.06%"
"09/12/2014","74,557","75,611","75,665","74,459","","-1.35%"
"09/11/2014","75,577","76,148","76,188","75,246","","-0.74%"
"09/10/2014","76,138","76,080","76,589","75,790","","0.09%"
"09/09/2014","76,068","75,688","76,241","75,585","","0.58%"
"09/08/2014","75,632","76,626","76,726","75,439","","-1.26%"
"09/05/2014","76,594","76,130","76,928","75,888","","0.61%"
"09/04/2014","76,128","76,795","77,096","76,083","","-0.81%"
"09/03/2014","76,752","76,791","76,919","76,153","","-0.02%"
"09/02/2014","76,766","77,917","78,031","76,628","","-1.48%"
"09/01/2014","77,916","77,892","78,026","77,645","","0.07%"
"08/29/2014","77,863","78,021","78,166","77,606","","-0.19%"
"08/28/2014","78,011","77,558","78,599","77,526","","0.63%"
"08/27/2014","77,520","77,429","77,860","77,366","","0.10%"
"08/26/2014","77,446","77,333","78,173","77,180","","0.17%"
"08/25/2014","77,317","77,250","77,595","77,113","","-0.16%"
"08/22/2014","77,437","77,470","77,685","77,060","","-0.01%"
"08/21/2014","77,442","78,299","78,324","77,264","","-1.07%"
"08/20/2014","78,281","78,616","78,873","78,086","","-0.40%"
"08/19/2014","78,595","78,902","79,061","78,517","","-0.37%"
"08/18/2014","78,888","79,251","79,262","78,754","","-0.48%"
"08/15/2014","79,264","79,818","79,978","78,567","","-0.66%"
"08/14/2014","79,792","80,196","80,454","79,544","","-0.46%"
"08/13/2014","80,161","79,998","80,524","79,871","","0.27%"
"08/12/2014","79,948","80,035","80,509","79,792","","-0.08%"
"08/11/2014","80,015","80,060","80,241","79,726","","-0.01%"
"08/08/2014","80,026","80,399","81,421","79,865","","-0.43%"
"08/07/2014","80,374","80,323","80,528","79,732","","0.10%"
"08/06/2014","80,294","78,420","80,554","78,350","","2.44%"
"08/05/2014","78,381","78,512","78,756","78,048","","-0.13%"
"08/04/2014","78,484","79,213","79,238","78,387","","-0.88%"
"08/01/2014","79,177","77,670","79,407","77,620","","1.98%"
"07/31/2014","77,643","77,820","78,481","77,575","","-0.18%"
"07/30/2014","77,784","78,109","78,319","77,598","","-0.33%"
"07/29/2014","78,041","78,362","78,907","77,907","","-0.38%"
"07/28/2014","78,338","78,574","78,704","78,161","","-0.20%"
"07/25/2014","78,491","77,741","78,616","77,489","","1.03%"
"07/24/2014","77,692","78,269","78,350","77,457","","-0.73%"
"07/23/2014","78,264","78,508","78,779","78,188","","-0.23%"
"07/22/2014","78,448","79,041","79,160","78,368","","-0.74%"
"07/21/2014","79,032","79,058","79,514","78,799","","0.05%"
"07/18/2014","78,994","79,378","79,736","78,641","","-0.44%"
"07/17/2014","79,341","78,090","79,689","77,998","","1.61%"
"07/16/2014","78,084","77,784","78,411","77,742","","0.40%"
"07/15/2014","77,774","78,575","78,979","77,678","","-0.97%"
"07/14/2014","78,534","80,434","80,515","78,352","","-2.32%"
"07/11/2014","80,399","80,405","80,723","80,062","","0.03%"
"07/10/2014","80,378","79,350","80,977","78,836","","1.34%"
"07/09/2014","79,312","78,826","79,603","78,741","","0.67%"
"07/08/2014","78,788","79,117","79,229","78,528","","-0.39%"
"07/07/2014","79,099","78,870","79,144","78,567","","0.38%"
"07/04/2014","78,802","78,827","79,100","78,708","","0.02%"
"07/03/2014","78,790","79,207","79,254","78,255","","-0.48%"
"07/02/2014","79,172","79,676","79,722","78,869","","-0.56%"
"07/01/2014","79,620","79,715","80,058","79,554","","-0.08%"
"06/30/2014","79,680","79,007","79,850","78,806","","0.94%"
"06/27/2014","78,939","79,279","79,495","78,921","","-0.38%"
"06/26/2014","79,240","79,267","79,423","78,592","","0.03%"
"06/25/2014","79,214","79,313","79,661","78,849","","-0.07%"
"06/24/2014","79,272","79,264","79,741","78,981","","0.06%"
"06/23/2014","79,221","79,119","79,339","78,758","","0.19%"
"06/20/2014","79,068","79,361","79,543","78,649","","-0.30%"
"06/19/2014","79,310","77,051","79,450","76,459","","3.00%"
"06/18/2014","77,000","76,667","77,100","76,144","","0.50%"
"06/17/2014","76,618","76,541","76,810","75,813","","0.14%"
"06/16/2014","76,512","76,247","77,320","76,228","","0.40%"
"06/13/2014","76,209","75,512","76,314","75,420","","0.97%"
"06/12/2014","75,478","74,828","75,620","74,594","","0.91%"
"06/11/2014","74,794","74,608","75,070","74,490","","0.31%"
"06/10/2014","74,562","74,131","74,773","73,983","","0.60%"
"06/09/2014","74,121","74,176","74,449","73,865","","0.00%"
"06/06/2014","74,122","74,291","74,431","73,741","","-0.17%"
"06/05/2014","74,246","73,738","74,512","73,502","","0.75%"
"06/04/2014","73,690","73,869","74,085","73,678","","-0.21%"
"06/03/2014","73,842","73,570","74,123","73,372","","0.40%"
"06/02/2014","73,550","74,047","74,047","73,380","","-0.52%"
"05/30/2014","73,934","73,980","74,306","73,504","","-0.01%"
"05/29/2014","73,943","74,176","74,278","73,636","","-0.26%"
"05/28/2014","74,137","74,683","74,881","74,023","","-0.69%"
"05/27/2014","74,653","75,914","76,271","74,660","","-1.63%"
"05/26/2014","75,891","75,667","77,520","74,855","","0.35%"
"05/23/2014","75,625","75,435","75,828","75,351","","0.33%"
"05/22/2014","75,378","75,831","76,235","75,350","","-0.56%"
"05/21/2014","75,805","75,832","76,303","75,313","","0.01%"
"05/20/2014","75,795","75,473","76,026","75,334","","0.45%"
"05/19/2014","75,459","75,788","76,350","75,460","","-0.35%"
"05/16/2014","75,725","77,079","77,170","75,679","","-1.70%"
"05/15/2014","77,032","77,702","77,807","76,630","","-0.78%"
"05/14/2014","77,641","76,924","77,865","76,802","","1.00%"
"05/13/2014","76,874","77,822","77,862","76,865","","-1.18%"
"05/12/2014","77,789","77,325","78,323","76,758","","0.70%"
"05/09/2014","77,249","77,235","77,683","76,992","","0.08%"
"05/08/2014","77,186","77,430","77,752","77,041","","-0.25%"
"05/07/2014","77,383","78,483","78,970","77,245","","-1.31%"
"05/06/2014","78,410","78,929","79,056","78,275","","-0.60%"
"05/05/2014","78,886","78,301","79,232","78,219","","0.92%"
"05/02/2014","78,166","77,405","78,502","76,822","","1.06%"
"05/01/2014","77,349","77,939","78,031","76,999","","-0.71%"
"04/30/2014","77,905","78,305","78,359","77,544","","-0.47%"
"04/29/2014","78,275","78,633","78,667","77,713","","-0.42%"
"04/28/2014","78,607","79,030","79,231","78,363","","-0.47%"
"04/25/2014","78,980","79,037","79,132","78,366","","0.00%"
"04/24/2014","78,980","78,443","79,339","77,519","","0.75%"
"04/23/2014","78,396","78,004","78,725","77,943","","0.55%"
"04/22/2014","77,967","78,149","78,679","77,630","","-0.19%"
"04/21/2014","78,113","78,049","78,467","77,257","","0.06%"
"04/18/2014","78,063","78,082","78,128","77,974","","0.02%"
"04/17/2014","78,051","78,632","78,747","77,979","","-0.70%"
"04/16/2014","78,602","78,469","78,936","77,897","","0.22%"
"04/15/2014","78,428","79,995","80,040","77,741","","-1.94%"
"04/14/2014","79,979","79,392","80,120","79,382","","0.84%"
"04/11/2014","79,314","79,236","79,730","79,085","","0.14%"
"04/10/2014","79,199","78,910","79,662","78,842","","0.44%"
"04/09/2014","78,855","78,631","79,106","78,238","","0.34%"
"04/08/2014","78,590","77,982","78,970","77,928","","0.84%"
"04/07/2014","77,935","78,285","78,399","77,866","","-0.44%"
"04/04/2014","78,278","77,419","78,524","77,262","","1.15%"
"04/03/2014","77,390","77,286","77,830","77,117","","0.22%"
"04/02/2014","77,222","76,771","77,568","76,405","","0.67%"
"04/01/2014","76,710","77,062","77,354","76,685","","-0.39%"
"03/31/2014","77,010","77,516","77,776","76,971","","-0.68%"
"03/28/2014","77,536","77,794","78,082","77,028","","-0.28%"
"03/27/2014","77,751","78,455","78,622","77,666","","-0.85%"
"03/26/2014","78,419","79,320","79,577","78,115","","-1.07%"
"03/25/2014","79,268","79,549","79,897","78,996","","-0.31%"
"03/24/2014","79,515","81,302","81,308","79,497","","-2.14%"
"03/21/2014","81,252","81,457","81,971","81,166","","-0.19%"
"03/20/2014","81,406","81,064","81,797","80,843","","0.48%"
"03/19/2014","81,015","82,844","83,112","80,967","","-2.15%"
"03/18/2014","82,799","83,528","83,549","82,574","","-0.79%"
"03/17/2014","83,462","84,585","85,206","83,229","","-1.28%"
"03/14/2014","84,545","83,853","84,946","83,675","","0.89%"
"03/13/2014","83,799","83,718","84,166","83,431","","0.19%"
"03/12/2014","83,644","82,245","83,931","81,991","","1.73%"
"03/11/2014","82,217","81,553","82,448","81,265","","0.83%"
"03/10/2014","81,543","81,807","81,961","81,197","","-0.36%"
"03/07/2014","81,838","82,578","82,684","81,228","","-0.79%"
"03/06/2014","82,490","82,594","82,710","81,481","","-0.09%"
"03/05/2014","82,565","82,646","82,876","82,218","","-0.06%"
"03/04/2014","82,611","83,820","83,930","82,408","","-1.42%"
"03/03/2014","83,804","81,971","84,076","81,971","","2.36%"
"02/28/2014","81,869","82,543","82,761","81,503","","-0.75%"
"02/27/2014","82,491","82,490","82,834","82,062","","0.13%"
"02/26/2014","82,384","83,100","83,360","81,973","","-0.82%"
"02/25/2014","83,062","82,994","83,300","82,499","","0.18%"
"02/24/2014","82,916","82,348","83,126","81,969","","0.87%"
"02/21/2014","82,202","82,340","82,570","81,749","","-0.14%"
"02/20/2014","82,321","81,637","82,482","81,383","","0.90%"
"02/19/2014","81,587","82,186","82,299","81,470","","-0.73%"
"02/18/2014","82,183","82,204","82,439","81,655","","0.04%"
"02/17/2014","82,154","81,596","82,336","81,565","","0.81%"
"02/14/2014","81,497","81,340","81,828","81,149","","0.38%"
"02/13/2014","81,190","80,171","81,337","80,046","","1.31%"
"02/12/2014","80,143","80,382","80,505","79,750","","-0.17%"
"02/11/2014","80,283","79,618","80,522","79,454","","0.90%"
"02/10/2014","79,568","78,891","79,797","78,819","","0.78%"
"02/07/2014","78,955","78,449","79,226","78,325","","0.70%"
"02/06/2014","78,406","78,760","79,039","78,152","","-0.37%"
"02/05/2014","78,698","78,475","79,667","78,237","","0.38%"
"02/04/2014","78,399","78,700","79,083","78,003","","-0.28%"
"02/03/2014","78,617","78,055","79,227","77,826","","0.84%"
"01/31/2014","77,961","77,821","78,684","77,406","","0.26%"
"01/30/2014","77,756","79,234","79,435","77,469","","-1.80%"
"01/29/2014","79,184","78,651","79,353","77,774","","0.91%"
"01/28/2014","78,473","79,320","79,491","78,110","","-0.90%"
"01/27/2014","79,188","79,552","80,431","79,014","","-0.33%"
"01/24/2014","79,454","78,310","79,771","78,010","","1.69%"
"01/23/2014","78,136","76,462","78,398","76,139","","2.23%"
"01/22/2014","76,431","76,830","77,135","76,418","","-0.49%"
"01/21/2014","76,809","77,302","77,415","76,489","","-0.53%"
"01/20/2014","77,222","77,138","77,669","77,069","","0.14%"
"01/17/2014","77,110","76,473","77,250","76,116","","0.88%"
"01/16/2014","76,439","76,461","76,624","76,102","","0.04%"
"01/15/2014","76,411","76,561","76,618","75,968","","-0.12%"
"01/14/2014","76,502","77,112","77,198","76,368","","-0.78%"
"01/13/2014","77,104","77,292","77,643","76,517","","-0.03%"
"01/10/2014","77,125","76,252","77,315","76,090","","1.16%"
"01/09/2014","76,244","76,217","76,465","75,985","","0.21%"
"01/08/2014","76,087","76,763","76,808","75,660","","-0.87%"
"01/07/2014","76,757","77,143","77,710","76,320","","-0.44%"
"01/06/2014","77,093","76,928","77,805","76,684","","0.25%"
"01/03/2014","76,897","76,335","77,362","76,103","","0.76%"
"01/02/2014","76,317","74,608","76,715","74,523","","2.29%"
"01/01/2014","74,607","74,636","74,753","74,490","","0.11%"
"12/31/2013","74,523","73,924","75,156","73,394","","0.85%"
"12/30/2013","73,894","75,102","75,341","73,857","","-1.70%"
"12/27/2013","75,174","75,262","75,493","74,822","","-0.11%"
"12/26/2013","75,255","74,481","75,594","74,257","","1.12%"
"12/25/2013","74,420","74,429","74,503","74,376","","0.15%"
"12/24/2013","74,309","74,152","74,464","73,995","","0.29%"
"12/23/2013","74,097","74,642","74,834","73,765","","-0.52%"
"12/20/2013","74,488","73,974","74,869","73,685","","0.81%"
"12/19/2013","73,891","75,616","76,334","73,806","","-2.39%"
"12/18/2013","75,700","76,269","77,248","75,506","","-0.62%"
"12/17/2013","76,170","76,514","77,356","75,971","","-0.47%"
"12/16/2013","76,532","76,672","77,245","75,757","","-0.53%"
"12/13/2013","76,942","75,704","77,040","73,430","","1.44%"
"12/12/2013","75,853","76,898","77,440","75,717","","-1.41%"
"12/11/2013","76,935","76,971","77,470","76,692","","-0.12%"
"12/10/2013","77,027","75,853","77,318","75,657","","1.58%"
"12/09/2013","75,832","75,553","76,007","74,828","","0.53%"
"12/06/2013","75,429","75,509","76,402","74,612","","-0.10%"
"12/05/2013","75,502","77,178","77,207","75,009","","-2.12%"
"12/04/2013","77,135","76,356","77,600","75,275","","1.18%"
"12/03/2013","76,236","75,991","76,481","75,770","","0.45%"
"12/02/2013","75,891","78,102","78,102","75,888","","-2.84%"
"11/29/2013","78,110","77,529","78,384","77,257","","0.87%"
"11/28/2013","77,438","77,093","77,750","76,761","","0.42%"
"11/27/2013","77,113","77,743","78,123","77,024","","-0.70%"
"11/26/2013","77,655","78,147","78,574","77,472","","-0.28%"
"11/25/2013","77,876","77,682","78,158","76,598","","-0.07%"
"11/22/2013","77,931","78,346","78,539","77,902","","-0.44%"
"11/21/2013","78,277","77,806","78,661","77,734","","0.55%"
"11/20/2013","77,849","79,393","79,809","77,669","","-1.83%"
"11/19/2013","79,297","79,548","79,755","78,896","","-0.25%"
"11/18/2013","79,498","81,273","81,278","79,282","","-1.96%"
"11/15/2013","81,089","81,219","81,540","80,902","","-0.13%"
"11/14/2013","81,194","80,970","81,696","80,698","","0.73%"
"11/13/2013","80,609","80,810","81,307","80,293","","-0.24%"
"11/12/2013","80,799","81,156","81,985","80,406","","-0.40%"
"11/11/2013","81,127","80,525","81,637","80,197","","0.80%"
"11/08/2013","80,481","81,642","82,396","80,060","","-1.29%"
"11/07/2013","81,536","82,331","82,746","81,058","","-0.93%"
"11/06/2013","82,302","81,040","82,510","80,696","","1.67%"
"11/05/2013","80,951","81,192","81,630","80,711","","-0.24%"
"11/04/2013","81,146","81,223","81,664","81,000","","-0.04%"
"11/01/2013","81,181","81,572","82,259","80,652","","-0.38%"
"10/31/2013","81,487","82,317","82,324","81,255","","-0.91%"
"10/30/2013","82,238","82,498","83,130","81,823","","-0.30%"
"10/29/2013","82,483","83,080","83,701","82,386","","-0.74%"
"10/28/2013","83,094","83,165","83,765","82,833","","0.04%"
"10/25/2013","83,057","82,797","83,314","82,281","","0.41%"
"10/24/2013","82,721","82,046","83,110","81,937","","0.81%"
"10/23/2013","82,059","82,664","82,762","81,825","","-0.64%"
"10/22/2013","82,588","81,009","82,933","80,770","","1.95%"
"10/21/2013","81,007","80,626","81,424","80,429","","0.54%"
"10/18/2013","80,569","80,662","81,611","80,153","","-0.10%"
"10/17/2013","80,651","79,163","81,016","78,473","","1.95%"
"10/16/2013","79,109","79,192","79,489","78,363","","-0.08%"
"10/15/2013","79,173","78,369","79,667","77,296","","1.09%"
"10/14/2013","78,322","77,666","79,368","77,418","","0.94%"
"10/11/2013","77,596","78,973","79,407","77,110","","-1.61%"
"10/10/2013","78,862","80,821","81,351","78,709","","-2.34%"
"10/09/2013","80,755","81,716","82,114","80,181","","-1.10%"
"10/08/2013","81,656","81,668","82,193","81,336","","0.00%"
"10/07/2013","81,655","80,551","82,098","80,551","","1.48%"
"10/04/2013","80,467","81,317","81,524","80,257","","-0.97%"
"10/03/2013","81,255","82,244","82,260","80,398","","-1.07%"
"10/02/2013","82,130","80,370","82,677","79,867","","2.22%"
"10/01/2013","80,351","83,104","83,362","80,147","","-3.29%"
"09/30/2013","83,086","83,514","84,459","82,848","","-0.48%"
"09/27/2013","83,488","82,172","84,033","81,848","","1.64%"
"09/26/2013","82,137","83,270","83,469","81,874","","-1.29%"
"09/25/2013","83,211","83,059","83,572","82,232","","0.21%"
"09/24/2013","83,034","82,723","83,469","81,979","","0.38%"
"09/23/2013","82,719","82,536","83,296","81,786","","0.32%"
"09/20/2013","82,455","84,409","85,441","82,452","","-2.17%"
"09/19/2013","84,288","86,555","86,733","83,854","","-2.54%"
"09/18/2013","86,488","83,002","86,683","81,735","","4.22%"
"09/17/2013","82,983","82,540","83,866","82,204","","0.56%"
"09/16/2013","82,523","84,270","84,627","81,953","","-1.86%"
"09/13/2013","84,092","83,839","85,153","82,860","","0.42%"
"09/12/2013","83,743","86,506","86,588","83,771","","-3.04%"
"09/11/2013","86,371","87,117","87,581","85,906","","-0.70%"
"09/10/2013","86,978","90,557","90,774","86,690","","-3.81%"
"09/09/2013","90,419","90,785","90,871","90,165","","-0.35%"
"09/06/2013","90,740","90,209","90,896","88,994","","0.58%"
"09/05/2013","90,219","93,351","93,570","90,130","","-3.28%"
"09/04/2013","93,278","95,507","96,914","92,875","","-2.32%"
"09/03/2013","95,496","91,879","95,809","91,803","","3.77%"
"09/02/2013","92,023","91,880","92,473","90,810","","0.36%"
"08/30/2013","91,697","93,739","95,123","91,491","","-2.05%"
"08/29/2013","93,612","97,586","97,616","93,373","","-4.02%"
"08/28/2013","97,538","93,951","98,443","93,735","","3.95%"
"08/27/2013","93,834","90,345","94,319","89,804","","3.92%"
"08/26/2013","90,295","88,416","90,348","87,938","","2.31%"
"08/23/2013","88,254","88,505","89,092","86,527","","-0.21%"
"08/22/2013","88,436","87,613","89,432","86,913","","0.94%"
"08/21/2013","87,609","86,609","88,389","86,340","","1.26%"
"08/20/2013","86,515","86,281","87,460","86,127","","0.40%"
"08/19/2013","86,169","84,873","86,893","84,802","","1.63%"
"08/16/2013","84,784","83,986","85,096","83,524","","1.06%"
"08/15/2013","83,892","81,833","84,138","81,103","","2.50%"
"08/14/2013","81,847","81,051","81,955","80,495","","1.07%"
"08/13/2013","80,979","81,718","82,385","80,906","","-0.80%"
"08/12/2013","81,633","79,769","82,160","79,769","","2.38%"
"08/09/2013","79,735","79,691","79,986","79,214","","0.08%"
"08/08/2013","79,673","78,820","79,827","78,427","","1.14%"
"08/07/2013","78,773","77,930","78,923","77,420","","1.09%"
"08/06/2013","77,922","79,352","79,978","77,773","","-1.75%"
"08/05/2013","79,308","80,237","80,640","79,007","","-1.01%"
"08/02/2013","80,120","79,213","80,561","78,022","","1.14%"
"08/01/2013","79,217","80,523","80,868","79,103","","-1.51%"
"07/31/2013","80,433","80,695","81,617","78,935","","-0.22%"
"07/30/2013","80,608","79,023","80,730","78,668","","2.16%"
"07/29/2013","78,904","78,755","79,479","78,123","","0.26%"
"07/26/2013","78,702","78,650","79,113","77,561","","0.11%"
"07/25/2013","78,618","78,300","78,885","77,261","","0.41%"
"07/24/2013","78,298","80,545","80,581","77,828","","-2.77%"
"07/23/2013","80,524","79,763","80,574","79,253","","1.02%"
"07/22/2013","79,714","76,973","79,989","76,927","","3.68%"
"07/19/2013","76,885","76,784","77,372","76,488","","0.24%"
"07/18/2013","76,699","75,711","76,919","75,538","","1.48%"
"07/17/2013","75,577","76,675","77,181","75,422","","-1.26%"
"07/16/2013","76,543","76,701","76,873","75,724","","-0.22%"
"07/15/2013","76,708","76,987","77,562","76,504","","-0.24%"
"07/12/2013","76,896","76,973","77,111","75,615","","0.03%"
"07/11/2013","76,873","75,755","77,405","75,695","","1.67%"
"07/10/2013","75,613","75,188","75,806","74,679","","0.72%"
"07/09/2013","75,075","75,104","76,177","74,652","","0.09%"
"07/08/2013","75,006","73,637","75,217","73,216","","1.80%"
"07/05/2013","73,682","75,222","75,295","72,910","","-1.79%"
"07/04/2013","75,026","75,361","75,784","74,914","","-0.43%"
"07/03/2013","75,347","74,006","75,988","73,926","","1.94%"
"07/02/2013","73,915","74,430","75,333","73,812","","-0.62%"
"07/01/2013","74,373","73,470","74,907","72,999","","1.24%"
"06/28/2013","73,463","72,252","73,573","70,695","","1.72%"
"06/27/2013","72,221","74,488","75,498","72,084","","-2.80%"
"06/26/2013","74,305","76,228","76,311","73,655","","-2.46%"
"06/25/2013","76,176","76,689","76,975","75,876","","-0.65%"
"06/24/2013","76,672","76,912","77,168","76,332","","-0.32%"
"06/21/2013","76,917","76,164","77,347","75,547","","1.10%"
"06/20/2013","76,077","79,354","80,754","76,054","","-4.05%"
"06/19/2013","79,286","80,482","80,845","79,227","","-1.46%"
"06/18/2013","80,459","80,477","80,996","80,081","","0.01%"
"06/17/2013","80,453","80,012","80,532","79,753","","0.64%"
"06/14/2013","79,939","80,395","80,455","79,263","","-0.46%"
"06/13/2013","80,313","80,284","81,377","79,759","","0.08%"
"06/12/2013","80,248","80,480","80,628","79,430","","-0.17%"
"06/11/2013","80,382","80,655","81,601","79,728","","-0.28%"
"06/10/2013","80,607","78,935","80,781","78,744","","2.10%"
"06/07/2013","78,951","80,479","80,764","78,622","","-1.84%"
"06/06/2013","80,431","79,785","81,042","79,092","","0.95%"
"06/05/2013","79,672","79,053","80,190","78,882","","0.82%"
"06/04/2013","79,021","80,025","80,190","78,564","","-1.12%"
"06/03/2013","79,913","78,620","80,292","78,593","","1.83%"
"05/31/2013","78,479","79,714","80,334","78,349","","-1.48%"
"05/30/2013","79,659","78,430","79,973","77,951","","1.65%"
"05/29/2013","78,364","77,503","78,553","77,445","","1.19%"
"05/28/2013","77,445","77,511","78,511","76,948","","-0.04%"
"05/27/2013","77,477","77,487","77,712","77,120","","0.19%"
"05/24/2013","77,328","77,369","77,369","77,369","","-0.14%"
"05/23/2013","77,437","76,210","77,869","75,452","","1.61%"
"05/22/2013","76,207","76,331","78,400","75,419","","-0.03%"
"05/21/2013","76,227","76,767","77,131","75,384","","-0.58%"
"05/20/2013","76,673","74,665","77,008","73,536","","2.74%"
"05/17/2013","74,631","76,042","76,307","74,402","","-1.69%"
"05/16/2013","75,916","76,294","76,606","75,161","","-0.45%"
"05/15/2013","76,259","78,179","78,418","76,123","","-2.33%"
"05/14/2013","78,078","78,474","79,153","77,950","","-0.42%"
"05/13/2013","78,409","79,409","79,409","78,203","","-1.18%"
"05/10/2013","79,345","79,313","79,822","77,878","","0.14%"
"05/09/2013","79,237","79,683","80,039","79,024","","-0.56%"
"05/08/2013","79,683","78,540","79,885","78,238","","1.54%"
"05/07/2013","78,472","79,589","79,699","77,978","","-1.33%"
"05/06/2013","79,529","79,128","80,124","79,023","","0.52%"
"05/03/2013","79,115","78,986","80,290","78,617","","0.23%"
"05/02/2013","78,932","78,225","79,370","77,761","","0.95%"
"05/01/2013","78,192","79,269","79,538","77,297","","-1.31%"
"04/30/2013","79,232","80,011","80,113","78,707","","-0.93%"
"04/29/2013","79,972","79,526","80,171","79,388","","0.59%"
"04/26/2013","79,507","79,423","80,647","78,875","","0.14%"
"04/25/2013","79,393","77,713","79,552","77,458","","2.28%"
"04/24/2013","77,622","76,756","77,759","76,747","","1.15%"
"04/23/2013","76,737","77,317","77,636","76,302","","-0.71%"
"04/22/2013","77,284","75,762","77,937","75,737","","2.08%"
"04/19/2013","75,709","75,072","76,731","74,655","","0.78%"
"04/18/2013","75,126","74,654","75,753","72,661","","0.70%"
"04/17/2013","74,603","73,901","75,636","73,831","","1.06%"
"04/16/2013","73,822","73,820","75,849","72,109","","0.33%"
"04/15/2013","73,577","80,624","81,669","72,942","","-8.67%"
"04/12/2013","80,560","84,759","85,160","80,553","","-4.93%"
"04/11/2013","84,735","84,857","85,280","84,503","","-0.06%"
"04/10/2013","84,787","86,348","86,712","84,673","","-1.77%"
"04/09/2013","86,313","85,904","86,677","85,589","","0.55%"
"04/08/2013","85,844","86,668","86,780","85,551","","-0.92%"
"04/05/2013","86,644","85,268","86,712","84,923","","1.65%"
"04/04/2013","85,234","84,950","85,461","83,787","","0.39%"
"04/03/2013","84,907","85,790","85,845","84,528","","-0.98%"
"04/02/2013","85,744","86,650","87,156","85,679","","-0.97%"
"04/01/2013","86,588","86,739","86,923","86,404","","-0.14%"
"03/29/2013","86,712","86,679","87,098","86,557","","0.09%"
"03/28/2013","86,633","87,348","87,510","86,531","","-0.80%"
"03/27/2013","87,335","87,124","87,567","86,371","","0.27%"
"03/26/2013","87,100","87,184","87,234","86,708","","-0.03%"
"03/25/2013","87,124","87,421","87,680","86,214","","-0.32%"
"03/22/2013","87,400","87,920","87,953","87,194","","-0.54%"
"03/21/2013","87,872","87,280","88,025","87,161","","0.74%"
"03/20/2013","87,227","87,936","87,972","87,115","","-0.70%"
"03/19/2013","87,843","86,815","88,006","86,555","","1.23%"
"03/18/2013","86,774","86,294","87,212","86,008","","0.89%"
"03/15/2013","86,008","86,170","86,485","85,941","","-0.16%"
"03/14/2013","86,149","86,398","86,563","85,776","","-0.20%"
"03/13/2013","86,321","86,271","86,836","86,054","","0.12%"
"03/12/2013","86,214","85,960","86,586","85,816","","0.36%"
"03/11/2013","85,903","85,775","86,184","85,557","","0.21%"
"03/08/2013","85,727","85,987","86,226","84,951","","-0.22%"
"03/07/2013","85,912","86,803","86,909","85,793","","-0.88%"
"03/06/2013","86,678","86,579","86,854","85,941","","0.34%"
"03/05/2013","86,385","86,504","87,032","86,281","","-0.06%"
"03/04/2013","86,436","86,593","87,055","86,055","","-0.07%"
"03/01/2013","86,496","85,921","87,151","85,774","","0.75%"
"02/28/2013","85,853","85,828","86,904","85,627","","0.12%"
"02/27/2013","85,751","87,280","87,361","85,559","","-1.75%"
"02/26/2013","87,283","86,084","87,640","85,098","","1.45%"
"02/25/2013","86,034","85,838","86,250","85,318","","0.37%"
"02/22/2013","85,716","85,858","86,433","85,259","","-0.14%"
"02/21/2013","85,833","84,743","86,345","84,092","","1.26%"
"02/20/2013","84,768","86,857","87,277","84,507","","-2.38%"
"02/19/2013","86,833","87,369","87,715","86,844","","-0.56%"
"02/18/2013","87,318","87,461","87,927","87,215","","-0.06%"
"02/15/2013","87,372","88,268","88,569","86,839","","-1.03%"
"02/14/2013","88,277","88,410","89,005","88,168","","-0.07%"
"02/13/2013","88,342","88,807","89,019","88,276","","-0.49%"
"02/12/2013","88,775","88,939","89,038","88,363","","-0.22%"
"02/11/2013","88,969","89,346","89,633","88,661","","-0.45%"
"02/08/2013","89,372","88,965","89,716","88,725","","0.51%"
"02/07/2013","88,920","89,022","89,596","88,529","","-0.07%"
"02/06/2013","88,979","88,720","89,285","88,492","","0.38%"
"02/05/2013","88,644","89,293","89,534","88,497","","-0.66%"
"02/04/2013","89,237","88,669","89,416","88,272","","0.73%"
"02/01/2013","88,591","88,639","89,443","88,273","","0.02%"
"01/31/2013","88,575","89,302","89,624","88,317","","-0.71%"
"01/30/2013","89,211","89,279","89,665","88,557","","-0.01%"
"01/29/2013","89,220","89,477","89,599","89,027","","-0.27%"
"01/28/2013","89,459","89,235","89,681","88,967","","0.28%"
"01/25/2013","89,208","89,583","90,023","89,093","","-0.40%"
"01/24/2013","89,567","90,464","90,663","89,434","","-0.96%"
"01/23/2013","90,431","90,910","91,222","90,237","","-0.42%"
"01/22/2013","90,810","90,882","91,217","90,336","","-0.02%"
"01/21/2013","90,830","90,555","91,209","90,524","","0.42%"
"01/18/2013","90,449","91,710","91,807","90,485","","-1.35%"
"01/17/2013","91,688","91,826","92,201","90,585","","-0.13%"
"01/16/2013","91,809","91,663","92,343","91,535","","0.18%"
"01/15/2013","91,646","90,901","92,022","90,577","","0.87%"
"01/14/2013","90,857","91,205","91,430","90,610","","-0.36%"
"01/11/2013","91,188","91,162","91,835","90,680","","0.18%"
"01/10/2013","91,027","90,882","91,513","90,467","","0.23%"
"01/09/2013","90,814","91,172","91,445","90,595","","-0.37%"
"01/08/2013","91,148","90,957","91,397","90,712","","0.20%"
"01/07/2013","90,964","91,003","91,693","90,704","","0.02%"
"01/04/2013","90,950","90,603","91,128","89,465","","0.33%"
"01/03/2013","90,647","91,489","92,016","90,486","","-0.84%"
"01/02/2013","91,413","91,604","91,941","90,957","","-0.16%"
"01/01/2013","91,564","91,902","92,180","91,043","","-0.25%"
"12/31/2012","91,794","90,688","92,206","90,636","","1.31%"
"12/28/2012","90,611","91,426","91,553","90,428","","-0.86%"
"12/27/2012","91,400","91,048","91,514","90,428","","0.44%"
"12/26/2012","91,004","91,234","91,479","90,785","","-0.24%"
"12/25/2012","91,223","91,087","91,498","91,087","","0.19%"
"12/24/2012","91,052","91,287","91,752","90,860","","-0.12%"
"12/21/2012","91,163","90,426","91,391","89,456","","0.88%"
"12/20/2012","90,370","91,160","91,693","89,673","","-0.94%"
"12/19/2012","91,228","91,766","92,028","90,800","","-0.64%"
"12/18/2012","91,819","92,923","93,668","91,335","","-1.14%"
"12/17/2012","92,876","92,325","93,227","91,802","","0.69%"
"12/14/2012","92,239","92,531","92,772","92,096","","-0.20%"
"12/13/2012","92,429","92,680","93,005","91,946","","-0.24%"
"12/12/2012","92,649","92,907","93,405","92,561","","-0.21%"
"12/11/2012","92,848","93,072","93,376","92,526","","-0.17%"
"12/10/2012","93,005","92,634","93,602","92,431","","0.44%"
"12/07/2012","92,595","92,162","92,822","91,673","","0.70%"
"12/06/2012","91,951","92,205","92,570","91,289","","-0.18%"
"12/05/2012","92,114","92,944","93,122","91,734","","-0.78%"
"12/04/2012","92,837","93,781","94,141","92,478","","-1.00%"
"12/03/2012","93,772","93,010","94,528","93,007","","0.78%"
"11/30/2012","93,047","94,430","94,738","92,745","","-1.44%"
"11/29/2012","94,404","95,793","95,972","94,151","","-1.35%"
"11/28/2012","95,698","96,437","96,964","95,052","","-0.74%"
"11/27/2012","96,416","97,328","97,627","96,304","","-0.87%"
"11/26/2012","97,266","97,204","97,652","96,906","","0.11%"
"11/23/2012","97,159","95,341","97,297","95,341","","1.94%"
"11/22/2012","95,305","95,300","95,675","95,208","","0.04%"
"11/21/2012","95,263","95,255","95,740","94,958","","0.08%"
"11/20/2012","95,191","95,210","95,643","94,904","","-0.02%"
"11/19/2012","95,210","94,531","95,401","94,528","","0.78%"
"11/16/2012","94,469","93,783","94,704","93,559","","0.81%"
"11/15/2012","93,706","94,986","95,147","93,203","","-1.26%"
"11/14/2012","94,903","94,928","95,239","94,251","","0.06%"
"11/13/2012","94,846","95,002","95,087","94,197","","-0.09%"
"11/12/2012","94,932","94,559","95,723","94,536","","0.47%"
"11/09/2012","94,491","94,210","95,139","93,977","","0.30%"
"11/08/2012","94,204","93,052","94,403","92,885","","1.25%"
"11/07/2012","93,040","93,393","93,759","92,322","","-0.37%"
"11/06/2012","93,381","91,977","93,655","91,759","","1.60%"
"11/05/2012","91,908","90,259","92,066","90,219","","1.80%"
"11/02/2012","90,283","92,022","92,184","90,116","","-1.84%"
"11/01/2012","91,980","92,574","92,879","91,949","","-0.57%"
"10/31/2012","92,509","92,272","92,868","92,176","","0.32%"
"10/30/2012","92,211","92,483","92,752","91,962","","-0.24%"
"10/29/2012","92,430","91,659","92,717","91,597","","0.88%"
"10/26/2012","91,624","91,686","92,048","91,087","","0.07%"
"10/25/2012","91,562","91,457","92,137","91,419","","0.18%"
"10/24/2012","91,394","91,789","92,112","91,293","","-0.35%"
"10/23/2012","91,711","92,573","92,710","91,543","","-0.93%"
"10/22/2012","92,571","92,710","92,935","92,115","","-0.02%"
"10/19/2012","92,593","93,293","93,620","92,420","","-0.77%"
"10/18/2012","93,312","92,468","93,470","92,221","","0.96%"
"10/17/2012","92,426","92,394","92,688","92,172","","0.10%"
"10/16/2012","92,334","91,998","92,410","91,732","","0.38%"
"10/15/2012","91,982","92,608","92,760","91,680","","-0.65%"
"10/12/2012","92,580","93,159","93,657","92,591","","-0.46%"
"10/11/2012","93,006","93,552","93,782","92,958","","-0.48%"
"10/10/2012","93,453","92,944","93,806","92,624","","0.64%"
"10/09/2012","92,857","93,291","93,770","92,822","","-0.41%"
"10/08/2012","93,243","92,455","93,382","91,469","","0.94%"
"10/05/2012","92,376","92,670","93,163","91,936","","-0.22%"
"10/04/2012","92,584","92,872","92,924","92,238","","-0.33%"
"10/03/2012","92,886","93,034","93,177","92,502","","-0.12%"
"10/02/2012","92,999","93,284","93,503","92,810","","0.07%"
"10/01/2012","92,935","93,617","93,894","92,610","","-0.69%"
"09/28/2012","93,580","94,099","94,285","93,483","","-0.47%"
"09/27/2012","94,026","94,071","94,300","93,017","","0.09%"
"09/26/2012","93,938","93,949","94,545","93,009","","0.01%"
"09/25/2012","93,932","94,276","94,754","93,464","","-0.33%"
"09/24/2012","94,245","94,670","94,780","93,464","","-0.35%"
"09/21/2012","94,577","95,903","96,215","94,437","","-1.39%"
"09/20/2012","95,909","95,616","96,136","95,392","","0.27%"
"09/19/2012","95,655","95,616","95,808","95,589","","0.23%"
"09/18/2012","95,438","94,921","95,650","94,732","","0.55%"
"09/17/2012","94,915","96,383","96,483","94,544","","-1.24%"
"09/14/2012","96,110","97,770","98,402","95,891","","-1.69%"
"09/13/2012","97,763","95,558","98,108","95,041","","2.31%"
"09/12/2012","95,551","95,738","96,479","95,287","","-0.13%"
"09/11/2012","95,673","95,665","96,201","95,621","","0.05%"
"09/10/2012","95,628","96,105","96,244","95,601","","-0.50%"
"09/07/2012","96,105","94,745","96,271","93,808","","1.54%"
"09/06/2012","94,650","94,681","95,635","94,514","","0.00%"
"09/05/2012","94,652","94,270","94,773","94,083","","0.39%"
"09/04/2012","94,281","93,987","94,554","93,877","","0.39%"
"09/03/2012","93,917","93,876","94,156","93,511","","0.06%"
"08/31/2012","93,862","92,329","94,015","91,462","","1.95%"
"08/30/2012","92,068","92,345","92,592","91,893","","-0.16%"
"08/29/2012","92,214","92,807","93,062","91,942","","-0.58%"
"08/28/2012","92,749","92,624","93,110","92,251","","0.13%"
"08/27/2012","92,626","92,779","93,221","92,631","","-0.07%"
"08/24/2012","92,694","92,428","92,769","91,911","","0.43%"
"08/23/2012","92,295","91,409","92,582","91,397","","0.56%"
"08/22/2012","91,777","90,707","91,924","89,850","","1.34%"
"08/21/2012","90,564","89,949","91,060","89,850","","0.70%"
"08/20/2012","89,934","90,022","90,212","89,371","","-0.08%"
"08/17/2012","90,004","89,809","90,183","89,667","","0.24%"
"08/16/2012","89,793","89,084","90,054","89,028","","0.91%"
"08/15/2012","88,987","88,906","89,198","88,300","","0.13%"
"08/14/2012","88,868","89,108","90,009","88,747","","-0.25%"
"08/13/2012","89,086","89,689","90,119","88,968","","-0.51%"
"08/10/2012","89,545","89,218","89,919","88,792","","0.39%"
"08/09/2012","89,193","89,083","89,485","88,815","","0.10%"
"08/08/2012","89,108","88,692","89,386","88,486","","0.42%"
"08/07/2012","88,739","89,414","89,556","88,624","","-0.77%"
"08/06/2012","89,429","89,445","89,701","88,683","","0.05%"
"08/03/2012","89,383","88,773","89,812","88,435","","0.83%"
"08/02/2012","88,648","88,677","90,192","88,513","","-0.08%"
"08/01/2012","88,718","89,624","90,032","88,335","","-1.05%"
"07/31/2012","89,661","89,835","90,618","89,501","","-0.23%"
"07/30/2012","89,869","89,825","90,102","89,442","","0.20%"
"07/27/2012","89,685","89,652","90,176","89,310","","0.06%"
"07/26/2012","89,632","89,862","90,322","89,250","","-0.24%"
"07/25/2012","89,848","88,745","90,218","88,593","","1.20%"
"07/24/2012","88,782","88,255","89,061","88,096","","0.76%"
"07/23/2012","88,113","87,469","88,403","87,262","","0.63%"
"07/20/2012","87,561","87,214","87,751","86,989","","0.44%"
"07/19/2012","87,175","86,969","87,764","86,943","","0.22%"
"07/18/2012","86,986","86,979","87,673","86,835","","-0.07%"
"07/17/2012","87,050","87,512","87,979","86,498","","-0.41%"
"07/16/2012","87,405","87,722","88,025","86,985","","-0.24%"
"07/13/2012","87,617","87,686","88,010","87,043","","-0.16%"
"07/12/2012","87,759","87,513","88,070","86,825","","0.32%"
"07/11/2012","87,482","86,674","87,836","86,718","","0.88%"
"07/10/2012","86,718","88,615","88,827","86,662","","-2.14%"
"07/09/2012","88,618","87,626","88,979","87,363","","1.18%"
"07/06/2012","87,587","88,057","89,261","87,477","","-0.55%"
"07/05/2012","88,068","88,084","89,463","87,550","","-0.01%"
"07/04/2012","88,073","87,919","88,525","87,550","","0.53%"
"07/03/2012","87,607","88,504","88,865","87,572","","-0.86%"
"07/02/2012","88,367","88,727","89,026","87,993","","-0.38%"
"06/29/2012","88,708","88,083","89,215","87,627","","0.65%"
"06/28/2012","88,132","89,472","90,023","87,957","","-1.54%"
"06/27/2012","89,514","89,451","90,347","89,327","","0.00%"
"06/26/2012","89,511","90,176","90,618","89,318","","-0.79%"
"06/25/2012","90,227","89,758","90,704","88,692","","0.51%"
"06/22/2012","89,766","87,958","89,990","87,763","","1.98%"
"06/21/2012","88,020","90,074","90,565","88,013","","-2.34%"
"06/20/2012","90,129","90,409","91,022","89,346","","-0.25%"
"06/19/2012","90,358","90,951","91,513","90,403","","-0.56%"
"06/18/2012","90,869","90,095","91,082","89,053","","0.89%"
"06/15/2012","90,067","90,516","90,793","89,729","","-0.35%"
"06/14/2012","90,384","90,031","90,839","89,845","","0.54%"
"06/13/2012","89,899","89,763","90,291","89,403","","0.09%"
"06/12/2012","89,821","88,895","90,280","88,507","","1.04%"
"06/11/2012","88,898","88,259","89,175","87,830","","0.63%"
"06/08/2012","88,339","87,300","88,408","85,816","","1.20%"
"06/07/2012","87,294","89,533","90,489","86,735","","-2.49%"
"06/06/2012","89,521","89,976","90,940","89,192","","-0.29%"
"06/05/2012","89,777","90,075","90,370","89,549","","-0.20%"
"06/04/2012","89,961","90,260","90,372","89,554","","-0.33%"
"06/01/2012","90,258","87,628","90,433","85,836","","3.29%"
"05/31/2012","87,383","87,669","88,319","87,080","","-0.33%"
"05/30/2012","87,675","86,533","88,121","86,009","","1.42%"
"05/29/2012","86,451","86,839","88,207","86,141","","-0.40%"
"05/28/2012","86,797","87,035","87,556","86,645","","-0.33%"
"05/25/2012","87,083","86,709","87,173","86,166","","0.61%"
"05/24/2012","86,558","87,254","87,765","86,210","","-0.91%"
"05/23/2012","87,355","86,838","87,670","85,831","","0.71%"
"05/22/2012","86,742","87,638","88,033","86,432","","-0.89%"
"05/21/2012","87,523","86,618","87,738","86,605","","1.04%"
"05/18/2012","86,624","85,695","87,078","85,502","","1.36%"
"05/17/2012","85,463","83,822","85,924","83,789","","2.10%"
"05/16/2012","83,705","83,057","84,354","82,504","","0.81%"
"05/15/2012","83,030","83,935","84,173","82,926","","-1.04%"
"05/14/2012","83,905","84,869","85,068","83,907","","-0.95%"
"05/11/2012","84,708","84,841","85,200","84,250","","-0.16%"
"05/10/2012","84,841","85,598","85,823","84,297","","-0.64%"
"05/09/2012","85,387","85,251","85,796","84,580","","0.19%"
"05/08/2012","85,226","86,440","86,789","84,758","","-1.51%"
"05/07/2012","86,536","87,680","88,123","86,405","","-1.47%"
"05/04/2012","87,830","87,389","88,073","87,158","","0.72%"
"05/03/2012","87,205","87,523","88,005","86,993","","-0.39%"
"05/02/2012","87,548","87,174","87,965","87,041","","0.34%"
"05/01/2012","87,250","87,747","87,970","87,019","","-0.40%"
"04/30/2012","87,603","87,169","87,765","86,700","","0.42%"
"04/27/2012","87,232","86,803","87,490","86,553","","0.60%"
"04/26/2012","86,714","86,227","87,119","86,061","","0.55%"
"04/25/2012","86,238","86,478","86,659","85,209","","-0.03%"
"04/24/2012","86,260","85,976","86,827","85,635","","0.62%"
"04/23/2012","85,730","85,470","85,905","85,082","","0.26%"
"04/20/2012","85,511","85,639","85,860","85,245","","-0.04%"
"04/19/2012","85,546","84,759","86,055","84,675","","0.78%"
"04/18/2012","84,882","84,873","85,288","84,696","","0.14%"
"04/17/2012","84,762","85,338","85,455","84,160","","-0.54%"
"04/16/2012","85,223","85,378","85,546","84,737","","-0.29%"
"04/13/2012","85,473","85,790","86,258","85,018","","-0.37%"
"04/12/2012","85,792","85,226","86,066","84,983","","0.61%"
"04/11/2012","85,276","85,276","85,276","85,276","","-0.18%"
"04/10/2012","85,432","83,967","85,630","83,904","","1.80%"
"04/09/2012","83,925","83,918","84,447","83,272","","0.25%"
"04/06/2012","83,718","83,339","83,885","83,144","","0.61%"
"04/05/2012","83,212","82,672","83,510","82,592","","0.65%"
"04/04/2012","82,671","83,111","84,022","82,398","","-0.57%"
"04/03/2012","83,146","85,129","85,482","82,879","","-2.40%"
"04/02/2012","85,188","85,188","85,188","85,188","","0.38%"
"03/30/2012","84,866","85,369","85,458","84,473","","-0.45%"
"03/29/2012","85,253","84,445","85,430","84,184","","1.05%"
"03/28/2012","84,366","85,144","85,704","84,035","","-0.84%"
"03/27/2012","85,080","86,208","86,342","85,075","","-1.29%"
"03/26/2012","86,192","85,004","86,506","84,592","","1.37%"
"03/23/2012","85,031","84,349","85,389","84,036","","0.93%"
"03/22/2012","84,245","83,526","84,502","83,370","","0.87%"
"03/21/2012","83,517","83,383","84,138","82,925","","0.29%"
"03/20/2012","83,275","83,402","83,733","82,807","","-0.14%"
"03/19/2012","83,394","82,864","83,781","82,911","","0.21%"
"03/16/2012","83,218","83,420","83,932","82,288","","-0.11%"
"03/15/2012","83,313","81,957","83,826","81,691","","1.63%"
"03/14/2012","81,974","83,604","83,931","81,617","","-1.80%"
"03/13/2012","83,477","84,885","85,304","82,894","","-1.72%"
"03/12/2012","84,934","85,002","85,428","84,596","","-0.30%"
"03/09/2012","85,192","85,104","85,455","83,627","","0.09%"
"03/08/2012","85,113","84,689","85,498","84,550","","0.51%"
"03/07/2012","84,682","84,300","85,159","84,081","","0.46%"
"03/06/2012","84,298","84,972","85,314","83,825","","-0.85%"
"03/05/2012","85,018","84,694","85,451","84,307","","0.34%"
"03/02/2012","84,731","84,522","85,091","84,468","","0.33%"
"03/01/2012","84,451","83,253","84,903","83,065","","1.46%"
"02/29/2012","83,235","87,349","87,782","82,931","","-4.79%"
"02/28/2012","87,418","86,841","87,753","86,792","","0.70%"
"02/27/2012","86,808","86,867","87,511","86,684","","-0.10%"
"02/24/2012","86,896","87,368","87,617","86,791","","-0.54%"
"02/23/2012","87,365","87,295","87,956","87,068","","0.00%"
"02/22/2012","87,362","86,568","87,618","86,167","","0.95%"
"02/21/2012","86,543","85,298","86,650","85,056","","1.60%"
"02/20/2012","85,184","84,975","85,578","85,016","","0.32%"
"02/17/2012","84,914","85,157","85,535","84,738","","-0.31%"
"02/16/2012","85,182","85,281","85,460","84,253","","-0.19%"
"02/15/2012","85,349","85,066","85,642","84,728","","0.30%"
"02/14/2012","85,093","84,641","85,345","84,217","","0.56%"
"02/13/2012","84,619","85,113","85,661","84,353","","-0.29%"
"02/10/2012","84,867","85,585","86,155","84,352","","-0.71%"
"02/09/2012","85,471","85,031","86,521","84,686","","0.52%"
"02/08/2012","85,032","85,696","86,039","84,855","","-0.82%"
"02/07/2012","85,731","84,340","86,071","84,076","","1.63%"
"02/06/2012","84,357","83,874","84,651","83,854","","0.63%"
"02/03/2012","83,830","86,227","86,460","83,738","","-2.79%"
"02/02/2012","86,235","85,646","86,514","85,524","","0.69%"
"02/01/2012","85,646","86,026","86,436","85,566","","-0.51%"
"01/31/2012","86,082","85,731","86,481","85,544","","0.38%"
"01/30/2012","85,755","85,818","86,326","85,031","","-0.10%"
"01/27/2012","85,844","85,002","85,907","84,445","","0.94%"
"01/26/2012","85,041","85,493","86,441","84,793","","-0.63%"
"01/25/2012","85,580","83,266","85,685","82,771","","2.83%"
"01/24/2012","83,229","83,757","83,971","83,118","","-0.63%"
"01/23/2012","83,752","83,676","84,153","83,341","","0.09%"
"01/20/2012","83,674","83,097","83,760","82,636","","0.75%"
"01/19/2012","83,054","83,463","84,074","82,715","","-0.57%"
"01/18/2012","83,531","83,890","84,196","82,764","","-0.40%"
"01/17/2012","83,870","84,404","85,065","83,659","","-0.60%"
"01/16/2012","84,379","84,303","84,990","83,892","","0.14%"
"01/13/2012","84,265","84,978","85,031","83,620","","-0.84%"
"01/12/2012","84,976","84,932","85,637","84,636","","0.02%"
"01/11/2012","84,955","84,271","85,251","83,926","","0.95%"
"01/10/2012","84,159","84,395","84,898","84,109","","-0.23%"
"01/09/2012","84,353","85,129","85,411","84,166","","-0.92%"
"01/06/2012","85,136","85,693","86,151","84,759","","-0.72%"
"01/05/2012","85,754","85,122","85,946","84,512","","0.70%"
"01/04/2012","85,155","85,044","85,574","84,230","","0.01%"
"01/03/2012","85,143","83,454","85,399","83,206","","2.05%"
"01/02/2012","83,436","83,000","83,667","82,754","","0.68%"
"12/30/2011","82,873","81,906","83,837","81,896","","1.14%"
"12/29/2011","81,940","82,265","83,232","80,776","","-0.23%"
"12/28/2011","82,133","84,280","84,859","81,966","","-2.51%"
"12/27/2011","84,248","84,687","85,053","83,919","","-0.41%"
"12/26/2011","84,597","84,799","85,169","84,479","","-0.18%"
"12/23/2011","84,751","84,406","85,247","84,409","","0.54%"
"12/22/2011","84,300","84,761","85,237","84,004","","-0.31%"
"12/21/2011","84,562","85,256","86,197","84,179","","-0.76%"
"12/20/2011","85,212","83,934","85,427","83,932","","1.63%"
"12/19/2011","83,842","83,918","84,803","83,172","","0.03%"
"12/16/2011","83,821","83,999","84,921","82,869","","-0.22%"
"12/15/2011","84,005","84,386","85,816","83,594","","-0.47%"
"12/14/2011","84,399","86,606","88,115","83,850","","-2.49%"
"12/13/2011","86,557","87,641","89,163","86,159","","-1.26%"
"12/12/2011","87,663","88,738","88,960","87,190","","-1.23%"
"12/09/2011","88,754","88,282","89,730","88,240","","0.47%"
"12/08/2011","88,342","89,891","90,796","88,053","","-1.70%"
"12/07/2011","89,865","88,497","89,998","88,179","","1.54%"
"12/06/2011","88,504","88,234","88,817","87,232","","0.33%"
"12/05/2011","88,216","89,180","89,799","88,145","","-1.05%"
"12/02/2011","89,151","89,576","90,074","89,019","","-0.50%"
"12/01/2011","89,602","91,001","91,382","89,062","","-1.51%"
"11/30/2011","90,973","88,977","91,251","89,007","","2.14%"
"11/29/2011","89,071","88,896","89,411","88,564","","0.15%"
"11/28/2011","88,938","87,589","89,519","87,421","","1.57%"
"11/25/2011","87,559","88,216","88,691","87,399","","-0.74%"
"11/24/2011","88,211","88,347","88,796","88,084","","-0.19%"
"11/23/2011","88,378","89,206","89,736","87,646","","-0.85%"
"11/22/2011","89,137","87,398","89,532","87,081","","1.85%"
"11/21/2011","87,515","88,594","89,323","86,767","","-0.81%"
"11/18/2011","88,233","87,715","88,985","86,961","","0.83%"
"11/17/2011","87,506","89,393","89,671","87,159","","-2.12%"
"11/16/2011","89,398","90,159","90,320","89,029","","-0.80%"
"11/15/2011","90,118","89,706","90,588","89,134","","0.43%"
"11/14/2011","89,732","89,382","89,959","89,200","","0.35%"
"11/11/2011","89,423","87,922","89,512","87,292","","1.75%"
"11/10/2011","87,884","88,581","89,000","86,782","","-0.67%"
"11/09/2011","88,480","87,973","90,249","88,021","","0.58%"
"11/08/2011","87,973","87,817","89,078","87,628","","0.16%"
"11/07/2011","87,837","85,897","88,048","85,895","","2.26%"
"11/04/2011","85,894","86,604","86,736","85,774","","-0.83%"
"11/03/2011","86,617","85,376","86,721","84,669","","1.51%"
"11/02/2011","85,327","84,690","85,675","84,413","","0.79%"
"11/01/2011","84,661","83,457","84,975","82,867","","1.49%"
"10/31/2011","83,418","84,686","85,092","82,832","","-1.49%"
"10/28/2011","84,683","85,448","85,690","84,351","","-0.90%"
"10/27/2011","85,454","85,375","85,771","84,125","","0.15%"
"10/26/2011","85,326","84,407","85,464","83,926","","1.20%"
"10/25/2011","84,316","82,323","84,483","81,506","","2.43%"
"10/24/2011","82,312","81,812","82,823","81,468","","0.67%"
"10/21/2011","81,764","80,601","82,318","80,119","","1.44%"
"10/20/2011","80,606","80,759","81,182","79,347","","-0.08%"
"10/19/2011","80,673","81,538","81,895","80,664","","-1.06%"
"10/18/2011","81,540","81,763","82,318","80,349","","-0.20%"
"10/17/2011","81,705","82,425","82,677","81,670","","-0.71%"
"10/14/2011","82,292","81,856","82,515","81,474","","0.55%"
"10/13/2011","81,844","81,961","82,448","81,195","","-0.28%"
"10/12/2011","82,074","81,984","82,850","81,674","","0.08%"
"10/11/2011","82,007","81,312","82,444","81,362","","-0.05%"
"10/10/2011","82,046","81,078","82,120","80,328","","2.12%"
"10/07/2011","80,340","80,754","81,802","79,733","","-0.89%"
"10/06/2011","81,065","80,944","81,358","80,339","","0.16%"
"10/05/2011","80,937","80,235","81,206","78,949","","0.92%"
"10/04/2011","80,198","81,579","82,686","78,684","","-1.71%"
"10/03/2011","81,593","79,273","81,939","79,332","","2.56%"
"09/30/2011","79,555","79,111","80,256","78,844","","0.65%"
"09/29/2011","79,040","78,860","79,920","77,468","","0.13%"
"09/28/2011","78,934","80,672","81,416","78,473","","-2.16%"
"09/27/2011","80,675","80,313","82,363","79,864","","0.29%"
"09/26/2011","80,440","81,746","82,112","76,252","","-1.51%"
"09/23/2011","81,672","86,070","87,022","80,374","","-5.05%"
"09/22/2011","86,020","85,954","87,131","85,141","","0.05%"
"09/21/2011","85,975","86,636","87,646","85,996","","-0.77%"
"09/20/2011","86,646","84,981","86,882","84,669","","1.97%"
"09/19/2011","84,971","85,999","87,335","84,497","","-0.84%"
"09/16/2011","85,689","85,006","86,103","83,498","","0.73%"
"09/15/2011","85,068","86,710","87,032","84,376","","-1.84%"
"09/14/2011","86,667","87,239","88,114","86,163","","-0.66%"
"09/13/2011","87,247","85,622","87,593","85,224","","1.87%"
"09/12/2011","85,643","86,321","87,280","85,051","","-0.79%"
"09/09/2011","86,328","86,286","87,560","84,796","","0.05%"
"09/08/2011","86,286","83,848","86,401","83,362","","2.94%"
"09/07/2011","83,820","86,313","86,725","82,655","","-2.94%"
"09/06/2011","86,359","87,494","88,621","85,516","","-1.11%"
"09/05/2011","87,329","85,906","87,603","85,589","","1.27%"
"09/02/2011","86,236","83,299","86,302","83,310","","3.51%"
"09/01/2011","83,309","83,456","83,775","82,843","","-0.22%"
"08/31/2011","83,489","84,561","84,689","83,114","","-1.24%"
"08/30/2011","84,540","82,296","84,633","82,121","","2.73%"
"08/29/2011","82,296","84,754","84,886","81,614","","-2.45%"
"08/26/2011","84,365","81,589","84,466","80,629","","3.49%"
"08/25/2011","81,518","80,452","81,717","78,442","","1.25%"
"08/24/2011","80,508","83,464","85,124","80,324","","-3.55%"
"08/23/2011","83,469","86,443","87,316","83,206","","-3.43%"
"08/22/2011","86,432","84,546","87,108","84,588","","2.21%"
"08/19/2011","84,560","83,423","85,900","83,196","","1.36%"
"08/18/2011","83,423","81,236","83,623","80,847","","2.75%"
"08/17/2011","81,191","81,060","81,531","80,456","","0.23%"
"08/16/2011","81,003","80,025","81,120","79,449","","1.22%"
"08/15/2011","80,025","79,240","80,115","78,226","","0.98%"
"08/12/2011","79,250","80,074","80,321","78,107","","-1.17%"
"08/11/2011","80,190","81,201","82,115","78,498","","-1.25%"
"08/10/2011","81,201","78,810","81,368","78,161","","3.03%"
"08/09/2011","78,810","77,198","80,520","77,129","","2.09%"
"08/08/2011","77,198","74,319","77,489","74,354","","3.73%"
"08/05/2011","74,420","73,397","74,797","73,034","","1.39%"
"08/04/2011","73,397","73,586","74,952","73,097","","-0.26%"
"08/03/2011","73,586","73,389","74,242","72,980","","0.27%"
"08/02/2011","73,389","71,377","73,672","71,165","","2.93%"
"08/01/2011","71,302","71,875","71,960","70,853","","-0.80%"
"07/29/2011","71,875","71,205","72,148","70,938","","0.89%"
"07/28/2011","71,241","71,101","71,431","70,658","","0.20%"
"07/27/2011","71,101","71,475","71,792","71,014","","-0.57%"
"07/26/2011","71,510","71,656","71,725","71,050","","-0.20%"
"07/25/2011","71,656","70,890","72,020","70,926","","1.18%"
"07/22/2011","70,822","70,640","71,297","70,278","","0.45%"
"07/21/2011","70,503","70,960","71,313","70,381","","-0.86%"
"07/20/2011","71,116","70,636","71,249","70,293","","0.68%"
"07/19/2011","70,636","71,510","71,753","70,326","","-1.14%"
"07/18/2011","71,448","70,924","71,767","70,654","","0.82%"
"07/15/2011","70,864","70,602","70,996","70,212","","0.37%"
"07/14/2011","70,602","70,420","71,019","70,224","","0.26%"
"07/13/2011","70,420","70,012","70,707","69,675","","0.66%"
"07/12/2011","69,957","69,104","70,129","68,859","","1.23%"
"07/11/2011","69,104","68,487","69,263","68,325","","0.99%"
"07/08/2011","68,430","67,815","68,611","67,586","","0.99%"
"07/07/2011","67,757","67,955","68,151","67,634","","-0.25%"
"07/06/2011","67,928","67,325","68,139","67,055","","0.89%"
"07/05/2011","67,327","66,428","67,407","66,381","","1.35%"
"07/04/2011","66,432","66,309","66,534","66,210","","0.29%"
"07/01/2011","66,238","67,073","67,175","65,911","","-1.16%"
"06/30/2011","67,017","67,801","67,855","66,884","","-1.16%"
"06/29/2011","67,801","67,604","67,882","67,395","","0.34%"
"06/28/2011","67,568","67,366","67,792","67,219","","0.38%"
"06/27/2011","67,312","67,418","67,898","67,052","","-0.27%"
"06/24/2011","67,492","68,348","68,594","67,423","","-1.24%"
"06/23/2011","68,341","69,724","69,852","67,937","","-1.98%"
"06/22/2011","69,724","69,335","69,884","69,042","","0.55%"
"06/21/2011","69,345","69,282","69,442","68,979","","0.09%"
"06/20/2011","69,282","68,905","69,585","68,603","","0.51%"
"06/17/2011","68,932","68,615","69,184","68,315","","0.43%"
"06/16/2011","68,635","68,464","68,858","68,066","","0.21%"
"06/15/2011","68,492","68,146","68,733","67,799","","0.50%"
"06/14/2011","68,150","67,943","68,632","67,673","","0.30%"
"06/13/2011","67,947","68,422","68,773","67,859","","-0.69%"
"06/10/2011","68,417","69,045","69,144","68,233","","-0.91%"
"06/09/2011","69,045","68,695","69,325","68,355","","0.59%"
"06/08/2011","68,639","68,959","69,125","68,457","","-0.46%"
"06/07/2011","68,959","69,051","69,263","68,655","","-0.07%"
"06/06/2011","69,005","69,139","69,595","68,946","","-0.06%"
"06/03/2011","69,045","68,742","69,304","68,352","","0.56%"
"06/02/2011","68,660","69,076","69,376","68,141","","-0.57%"
"06/01/2011","69,051","69,144","69,513","68,562","","-0.05%"
"05/31/2011","69,085","69,331","69,443","68,930","","-0.35%"
"05/30/2011","69,331","69,415","69,496","69,074","","0.02%"
"05/27/2011","69,320","68,928","69,514","68,749","","0.81%"
"05/26/2011","68,765","69,031","69,364","68,527","","-0.54%"
"05/25/2011","69,138","68,976","69,467","68,696","","0.32%"
"05/24/2011","68,918","68,593","69,085","68,259","","0.47%"
"05/23/2011","68,593","67,954","68,676","67,715","","0.98%"
"05/20/2011","67,929","67,163","68,141","66,845","","1.27%"
"05/19/2011","67,077","67,423","67,513","66,808","","-0.51%"
"05/18/2011","67,423","66,957","67,602","66,781","","0.66%"
"05/17/2011","66,982","67,237","67,555","66,446","","-0.38%"
"05/16/2011","67,237","66,987","67,948","66,621","","0.28%"
"05/13/2011","67,051","67,739","68,045","66,534","","-0.94%"
"05/12/2011","67,690","66,874","67,855","66,514","","1.23%"
"05/11/2011","66,869","67,680","68,222","66,694","","-1.35%"
"05/10/2011","67,788","67,581","68,011","67,233","","0.31%"
"05/09/2011","67,576","66,751","67,679","66,611","","1.09%"
"05/06/2011","66,845","65,983","67,034","65,839","","1.48%"
"05/05/2011","65,871","67,181","67,851","65,449","","-1.99%"
"05/04/2011","67,210","68,333","68,602","66,823","","-1.64%"
"05/03/2011","68,330","68,370","379,077","67,939","","-0.09%"
"05/02/2011","68,392","69,337","69,826","68,035","","-1.13%"
"04/29/2011","69,174","67,998","69,466","67,816","","1.71%"
"04/28/2011","68,012","67,677","68,293","67,496","","0.53%"
"04/27/2011","67,650","66,976","67,883","66,764","","1.00%"
"04/26/2011","66,980","66,922","67,316","66,232","","0.05%"
"04/25/2011","66,948","66,688","67,575","66,689","","0.51%"
"04/22/2011","66,609","66,861","66,894","66,421","","-0.08%"
"04/21/2011","66,659","66,456","66,965","66,347","","0.38%"
"04/20/2011","66,406","66,347","66,839","66,155","","0.12%"
"04/19/2011","66,328","66,466","66,695","65,914","","-0.33%"
"04/18/2011","66,546","65,756","66,697","65,570","","1.20%"
"04/15/2011","65,760","65,628","65,915","65,334","","0.33%"
"04/14/2011","65,544","64,858","65,694","64,342","","1.15%"
"04/13/2011","64,798","64,638","65,219","64,169","","1.04%"
"04/12/2011","64,132","65,243","65,290","63,897","","-1.18%"
"04/11/2011","64,899","64,907","65,322","64,583","","-0.12%"
"04/08/2011","64,980","64,461","65,059","64,196","","0.88%"
"04/07/2011","64,415","64,241","64,734","64,027","","0.36%"
"04/06/2011","64,185","64,510","64,669","64,101","","-0.38%"
"04/05/2011","64,432","63,754","64,610","63,500","","1.06%"
"04/04/2011","63,754","63,476","63,880","63,252","","0.74%"
"04/01/2011","63,283","63,757","63,924","62,915","","-0.60%"
"03/31/2011","63,664","63,473","64,149","63,399","","0.36%"
"03/30/2011","63,435","63,245","64,009","63,115","","0.21%"
"03/29/2011","63,303","63,597","63,923","63,180","","-0.35%"
"03/28/2011","63,527","63,707","63,948","63,239","","-0.48%"
"03/25/2011","63,832","63,930","64,239","63,393","","0.04%"
"03/24/2011","63,809","64,362","64,723","63,608","","-0.78%"
"03/23/2011","64,313","64,023","64,670","63,921","","0.41%"
"03/22/2011","64,051","64,023","64,128","63,942","","-0.07%"
"03/21/2011","64,099","64,101","64,677","63,807","","0.48%"
"03/18/2011","63,790","63,349","64,133","63,304","","0.77%"
"03/17/2011","63,304","63,154","63,480","62,539","","0.29%"
"03/16/2011","63,122","62,989","63,429","62,857","","0.27%"
"03/15/2011","62,951","64,323","64,382","62,601","","-2.08%"
"03/14/2011","64,285","64,245","64,856","63,809","","0.74%"
"03/11/2011","63,814","63,718","64,454","63,558","","0.13%"
"03/10/2011","63,729","64,136","64,617","63,385","","-0.63%"
"03/09/2011","64,136","64,305","64,650","63,992","","-0.31%"
"03/08/2011","64,333","64,338","64,782","64,110","","-0.15%"
"03/07/2011","64,426","64,087","65,087","64,135","","0.49%"
"03/04/2011","64,110","63,489","64,403","63,425","","0.93%"
"03/03/2011","63,521","64,291","64,724","63,309","","-1.19%"
"03/02/2011","64,284","64,268","64,562","63,992","","0.06%"
"03/01/2011","64,245","63,843","64,367","63,542","","0.58%"
"02/28/2011","63,873","63,737","64,117","63,394","","0.22%"
"02/25/2011","63,736","63,643","64,324","63,478","","0.25%"
"02/24/2011","63,574","63,602","64,498","63,236","","0.05%"
"02/23/2011","63,540","63,165","63,893","62,839","","0.70%"
"02/22/2011","63,099","63,169","63,631","62,886","","-0.11%"
"02/21/2011","63,169","62,597","63,284","62,603","","1.00%"
"02/18/2011","62,547","62,596","62,837","62,387","","-0.11%"
"02/17/2011","62,612","62,370","62,702","62,359","","0.34%"
"02/16/2011","62,400","62,458","62,774","62,162","","-0.09%"
"02/15/2011","62,456","61,847","62,651","61,761","","0.94%"
"02/14/2011","61,871","61,889","62,301","61,546","","0.08%"
"02/11/2011","61,822","62,215","62,500","61,764","","-0.50%"
"02/10/2011","62,132","61,806","62,424","61,586","","0.21%"
"02/09/2011","61,999","61,665","62,134","61,393","","0.49%"
"02/08/2011","61,696","61,197","61,929","60,979","","0.99%"
"02/07/2011","61,094","61,406","61,484","61,082","","-0.58%"
"02/04/2011","61,449","61,643","61,884","61,319","","-0.36%"
"02/03/2011","61,673","60,855","61,847","60,495","","1.30%"
"02/02/2011","60,880","60,899","61,223","60,352","","0.06%"
"02/01/2011","60,844","60,996","61,523","60,562","","-0.24%"
"01/31/2011","60,992","61,348","61,852","60,684","","-0.48%"
"01/28/2011","61,286","59,714","61,757","59,412","","2.74%"
"01/27/2011","59,652","61,342","61,472","59,602","","-2.52%"
"01/26/2011","61,192","60,838","61,243","60,263","","0.40%"
"01/25/2011","60,950","60,637","61,360","60,449","","0.47%"
"01/24/2011","60,666","61,261","61,702","60,655","","-0.90%"
"01/21/2011","61,220","61,446","61,706","61,044","","-0.36%"
"01/20/2011","61,439","62,075","62,546","61,296","","-0.99%"
"01/19/2011","62,052","62,137","62,641","61,957","","-0.10%"
"01/18/2011","62,116","62,010","62,590","61,745","","0.32%"
"01/17/2011","61,921","61,638","62,217","61,548","","0.29%"
"01/14/2011","61,741","61,943","62,506","61,495","","-0.38%"
"01/13/2011","61,979","62,429","62,888","61,742","","-0.66%"
"01/12/2011","62,393","62,233","62,633","62,011","","0.03%"
"01/11/2011","62,377","62,302","62,639","61,921","","0.09%"
"01/10/2011","62,320","62,061","62,517","62,011","","0.39%"
"01/07/2011","62,080","62,055","62,133","62,105","","-0.11%"
"01/06/2011","62,147","62,403","62,570","61,862","","-0.35%"
"01/05/2011","62,365","61,974","62,732","61,834","","0.63%"
"01/04/2011","61,974","63,064","63,557","61,715","","-1.69%"
"01/03/2011","63,039","63,510","63,622","63,014","","-0.65%"
"12/31/2010","63,449","62,920","63,595","62,960","","0.86%"
"12/30/2010","62,909","63,408","63,652","62,874","","-0.78%"
"12/29/2010","63,401","63,278","63,609","63,056","","0.19%"
"12/28/2010","63,283","62,412","63,357","62,362","","1.40%"
"12/27/2010","62,412","62,305","62,676","61,787","","0.17%"
"12/24/2010","62,305","62,185","62,685","62,109","","0.20%"
"12/23/2010","62,178","62,316","62,638","61,938","","-0.25%"
"12/22/2010","62,337","62,604","62,931","62,280","","-0.38%"
"12/21/2010","62,577","62,787","63,055","62,400","","-0.28%"
"12/20/2010","62,755","62,145","63,231","62,196","","1.08%"
"12/17/2010","62,084","62,287","62,505","61,646","","-0.26%"
"12/16/2010","62,244","62,601","63,012","61,917","","-0.54%"
"12/15/2010","62,583","62,679","63,313","62,486","","-0.15%"
"12/14/2010","62,676","62,936","63,294","62,545","","-0.41%"
"12/13/2010","62,935","62,186","63,239","62,084","","1.02%"
"12/10/2010","62,299","62,613","63,040","61,825","","-0.47%"
"12/09/2010","62,595","62,175","62,983","62,168","","0.71%"
"12/08/2010","62,154","62,769","63,157","61,933","","-0.96%"
"12/07/2010","62,756","63,748","63,922","62,594","","-1.57%"
"12/06/2010","63,755","63,465","63,988","63,045","","0.49%"
"12/03/2010","63,445","62,496","63,592","62,459","","1.55%"
"12/02/2010","62,476","62,803","63,253","62,391","","-0.47%"
"12/01/2010","62,770","63,419","63,730","62,705","","-0.93%"
"11/30/2010","63,362","62,654","63,745","62,439","","1.35%"
"11/29/2010","62,517","62,417","62,967","61,819","","0.04%"
"11/26/2010","62,494","62,564","62,768","61,940","","-0.17%"
"11/25/2010","62,598","62,755","62,848","62,209","","-0.35%"
"11/24/2010","62,817","62,690","63,236","62,298","","0.20%"
"11/23/2010","62,688","62,085","63,129","61,693","","1.00%"
"11/22/2010","62,069","61,275","62,194","61,024","","1.40%"
"11/19/2010","61,210","61,074","61,658","60,900","","-0.03%"
"11/18/2010","61,226","60,222","61,664","60,054","","1.59%"
"11/17/2010","60,267","60,697","60,872","59,928","","-0.74%"
"11/16/2010","60,718","61,458","61,785","60,521","","-1.17%"
"11/15/2010","61,435","61,185","62,135","60,942","","0.28%"
"11/12/2010","61,264","62,716","62,820","60,911","","-2.26%"
"11/11/2010","62,682","62,118","62,946","61,793","","0.84%"
"11/10/2010","62,160","61,716","62,623","61,378","","0.83%"
"11/09/2010","61,648","62,468","63,117","61,335","","-1.33%"
"11/08/2010","62,481","61,219","62,563","60,873","","2.14%"
"11/05/2010","61,170","61,242","61,416","60,287","","-0.12%"
"11/04/2010","61,245","59,558","61,400","59,074","","2.47%"
"11/03/2010","59,768","60,202","60,534","58,804","","-0.72%"
"11/02/2010","60,203","60,061","60,424","59,825","","0.24%"
"11/01/2010","60,061","60,270","60,683","59,892","","-0.26%"
"10/29/2010","60,220","59,615","60,410","59,222","","1.03%"
"10/28/2010","59,604","58,871","59,731","58,659","","1.23%"
"10/27/2010","58,881","59,505","59,742","58,636","","-1.07%"
"10/26/2010","59,519","59,382","59,805","59,137","","0.19%"
"10/25/2010","59,405","59,225","59,835","59,162","","0.58%"
"10/22/2010","59,060","58,706","59,183","58,522","","0.64%"
"10/21/2010","58,682","59,494","59,776","58,320","","-1.43%"
"10/20/2010","59,534","59,154","59,700","59,011","","0.67%"
"10/19/2010","59,139","60,552","60,870","58,888","","-2.34%"
"10/18/2010","60,554","60,554","60,554","60,554","","0.48%"
"10/15/2010","60,267","60,851","61,101","60,117","","-1.03%"
"10/14/2010","60,893","60,821","61,283","60,465","","0.16%"
"10/13/2010","60,795","60,059","61,030","59,836","","1.23%"
"10/12/2010","60,057","60,095","60,345","59,611","","-0.02%"
"10/11/2010","60,071","59,722","60,202","59,538","","0.52%"
"10/08/2010","59,762","58,885","59,963","58,579","","1.47%"
"10/07/2010","58,899","59,610","60,483","58,547","","-1.18%"
"10/06/2010","59,599","59,465","59,932","59,242","","0.02%"
"10/05/2010","59,588","58,549","59,670","58,331","","1.72%"
"10/04/2010","58,583","58,427","58,780","58,153","","0.27%"
"10/01/2010","58,422","58,331","58,739","58,129","","0.20%"
"09/30/2010","58,307","58,515","58,657","57,765","","-0.32%"
"09/29/2010","58,495","58,834","59,047","58,426","","-0.58%"
"09/28/2010","58,838","58,250","59,063","57,819","","1.03%"
"09/27/2010","58,237","58,517","58,631","58,114","","-0.41%"
"09/24/2010","58,474","58,717","59,043","58,397","","-0.35%"
"09/23/2010","58,678","58,839","59,064","58,629","","-0.27%"
"09/22/2010","58,837","58,723","59,024","58,227","","0.16%"
"09/21/2010","58,744","58,366","58,870","57,934","","0.67%"
"09/20/2010","58,352","58,475","58,709","58,271","","-0.01%"
"09/17/2010","58,360","58,805","58,899","58,273","","-0.76%"
"09/16/2010","58,808","58,527","58,981","58,231","","0.44%"
"09/15/2010","58,548","58,639","58,997","58,395","","-0.21%"
"09/14/2010","58,674","57,620","58,942","57,527","","1.79%"
"09/13/2010","57,641","57,600","57,851","57,303","","0.01%"
"09/10/2010","57,638","57,650","57,958","57,201","","-0.01%"
"09/09/2010","57,641","58,243","58,583","57,536","","-1.17%"
"09/08/2010","58,325","58,727","58,962","58,226","","-0.75%"
"09/07/2010","58,767","58,078","58,980","57,657","","1.06%"
"09/06/2010","58,148","57,987","58,294","57,567","","0.46%"
"09/03/2010","57,880","58,451","58,553","57,530","","-0.95%"
"09/02/2010","58,435","57,935","58,615","57,746","","0.71%"
"09/01/2010","58,026","58,707","58,808","57,955","","-1.01%"
"08/31/2010","58,620","57,932","58,799","57,458","","1.08%"
"08/30/2010","57,995","57,862","58,092","57,279","","0.25%"
"08/27/2010","57,848","57,845","58,265","57,527","","0.08%"
"08/26/2010","57,803","58,088","58,308","57,624","","-0.53%"
"08/25/2010","58,114","57,624","58,257","57,259","","0.80%"
"08/24/2010","57,652","57,143","57,914","56,462","","0.89%"
"08/23/2010","57,146","57,183","57,441","56,845","","-0.11%"
"08/20/2010","57,211","57,217","57,523","56,868","","-0.11%"
"08/19/2010","57,273","57,198","57,378","56,675","","0.14%"
"08/18/2010","57,195","57,101","57,377","56,563","","0.28%"
"08/17/2010","57,036","57,226","57,384","56,678","","-0.49%"
"08/16/2010","57,315","56,505","57,422","56,433","","1.35%"
"08/13/2010","56,551","56,682","56,914","56,203","","-0.16%"
"08/12/2010","56,642","55,872","56,850","55,610","","1.43%"
"08/11/2010","55,842","55,772","56,383","55,378","","0.16%"
"08/10/2010","55,754","55,349","55,946","54,883","","0.79%"
"08/09/2010","55,316","55,329","55,789","55,054","","-0.06%"
"08/06/2010","55,350","54,982","55,904","54,583","","0.64%"
"08/05/2010","55,000","54,797","55,496","54,581","","0.30%"
"08/04/2010","54,838","54,709","55,488","54,437","","0.28%"
"08/03/2010","54,686","54,593","54,923","54,137","","0.15%"
"08/02/2010","54,603","54,773","55,020","54,315","","-0.31%"
"07/30/2010","54,771","54,296","54,901","53,847","","0.91%"
"07/29/2010","54,276","54,376","54,549","53,947","","-0.19%"
"07/28/2010","54,378","54,207","54,471","53,941","","0.33%"
"07/27/2010","54,198","55,585","55,767","54,034","","-2.54%"
"07/26/2010","55,613","55,741","56,358","55,503","","-0.22%"
"07/23/2010","55,734","56,287","56,503","55,538","","-0.98%"
"07/22/2010","56,283","55,856","56,575","55,547","","0.67%"
"07/21/2010","55,908","56,270","56,515","55,736","","-0.72%"
"07/20/2010","56,313","55,785","56,425","55,373","","1.03%"
"07/19/2010","55,741","55,699","56,203","55,459","","0.02%"
"07/16/2010","55,727","56,324","56,632","55,486","","-1.05%"
"07/15/2010","56,317","56,416","56,749","56,042","","-0.13%"
"07/14/2010","56,390","56,621","56,922","56,194","","-0.40%"
"07/13/2010","56,616","55,726","56,939","55,509","","1.55%"
"07/12/2010","55,752","56,466","56,634","55,820","","-1.37%"
"07/09/2010","56,529","56,075","56,642","55,597","","0.76%"
"07/08/2010","56,103","56,465","56,748","55,620","","-0.71%"
"07/07/2010","56,505","55,712","56,652","55,395","","1.35%"
"07/06/2010","55,750","56,470","56,805","55,654","","-1.32%"
"07/05/2010","56,496","56,342","56,880","56,064","","0.23%"
"07/02/2010","56,366","55,710","56,966","55,619","","0.95%"
"07/01/2010","55,833","57,662","58,036","55,789","","-3.15%"
"06/30/2010","57,648","57,561","58,018","57,304","","-0.01%"
"06/29/2010","57,656","57,131","57,812","56,748","","0.88%"
"06/28/2010","57,152","57,689","58,350","57,015","","-1.07%"
"06/25/2010","57,770","57,762","58,334","57,245","","-0.11%"
"06/24/2010","57,836","56,997","58,179","56,570","","1.33%"
"06/23/2010","57,075","56,961","57,570","56,698","","0.10%"
"06/22/2010","57,019","56,214","57,413","56,235","","1.39%"
"06/21/2010","56,237","57,908","58,066","56,224","","-2.71%"
"06/18/2010","57,805","57,487","58,226","57,010","","0.55%"
"06/17/2010","57,489","57,012","57,859","56,873","","0.83%"
"06/16/2010","57,014","57,135","57,655","56,781","","-0.25%"
"06/15/2010","57,158","56,732","57,387","56,380","","0.71%"
"06/14/2010","56,753","57,376","57,702","56,511","","-0.97%"
"06/11/2010","57,311","56,813","57,565","56,465","","0.71%"
"06/10/2010","56,909","57,858","58,023","56,853","","-1.69%"
"06/09/2010","57,886","57,746","58,361","57,387","","0.12%"
"06/08/2010","57,818","58,369","58,986","57,787","","-0.96%"
"06/07/2010","58,378","57,083","58,618","56,593","","2.20%"
"06/04/2010","57,122","56,240","57,216","55,792","","1.40%"
"06/03/2010","56,332","57,442","57,541","55,944","","-1.94%"
"06/02/2010","57,450","57,740","57,902","56,946","","-0.48%"
"06/01/2010","57,726","56,332","57,949","56,282","","2.42%"
"05/31/2010","56,360","56,095","56,497","55,876","","0.29%"
"05/28/2010","56,199","56,552","56,694","55,717","","-0.68%"
"05/27/2010","56,583","57,045","57,257","56,409","","-0.74%"
"05/26/2010","57,005","57,062","57,574","57,019","","0.02%"
"05/25/2010","56,993","55,913","57,277","55,368","","1.86%"
"05/24/2010","55,953","55,175","56,226","55,191","","1.52%"
"05/21/2010","55,115","55,250","55,738","54,586","","-0.40%"
"05/20/2010","55,334","55,245","55,952","54,995","","0.11%"
"05/19/2010","55,273","55,752","56,394","54,940","","-0.68%"
"05/18/2010","55,652","55,557","56,042","55,014","","0.05%"
"05/17/2010","55,623","55,680","56,790","55,481","","-0.27%"
"05/14/2010","55,773","55,524","56,484","55,047","","0.46%"
"05/13/2010","55,519","55,500","56,849","55,276","","-0.10%"
"05/12/2010","55,574","55,436","56,298","55,067","","0.08%"
"05/11/2010","55,529","53,823","55,654","53,662","","3.02%"
"05/10/2010","53,899","54,744","54,853","53,142","","-2.03%"
"05/07/2010","55,015","54,859","55,309","54,199","","0.20%"
"05/06/2010","54,904","52,668","55,089","52,122","","4.33%"
"05/05/2010","52,628","52,227","52,760","51,894","","0.73%"
"05/04/2010","52,245","52,583","53,199","52,026","","-0.70%"
"05/03/2010","52,612","52,149","52,819","52,023","","0.91%"
"04/30/2010","52,138","51,682","52,547","51,747","","0.43%"
"04/29/2010","51,915","51,959","52,252","51,734","","-0.01%"
"04/28/2010","51,922","51,885","52,333","51,684","","-0.35%"
"04/27/2010","52,103","51,194","52,152","50,957","","1.68%"
"04/26/2010","51,243","51,199","51,412","50,963","","0.01%"
"04/23/2010","51,239","50,809","51,405","50,421","","0.85%"
"04/22/2010","50,807","51,021","51,161","50,415","","-0.42%"
"04/21/2010","51,023","50,683","51,255","50,492","","0.60%"
"04/20/2010","50,719","50,766","50,993","50,552","","-0.08%"
"04/19/2010","50,762","50,164","50,846","50,168","","0.94%"
"04/16/2010","50,288","51,314","51,508","50,080","","-2.01%"
"04/15/2010","51,320","51,009","51,619","50,941","","0.60%"
"04/14/2010","51,013","51,211","51,451","50,958","","-0.37%"
"04/13/2010","51,205","51,331","51,553","50,990","","-0.35%"
"04/12/2010","51,385","51,560","51,892","51,206","","0.34%"
"04/09/2010","51,210","51,046","51,558","50,922","","0.42%"
"04/08/2010","50,998","50,991","51,288","50,758","","0.09%"
"04/07/2010","50,951","50,334","51,257","50,212","","1.22%"
"04/06/2010","50,336","50,167","50,576","49,871","","0.44%"
"04/05/2010","50,114","50,292","50,472","49,894","","0.01%"
"04/02/2010","50,109","50,366","50,484","49,986","","-0.65%"
"04/01/2010","50,438","49,836","50,552","49,734","","1.17%"
"03/31/2010","49,853","49,622","50,232","49,500","","0.48%"
"03/30/2010","49,617","49,772","50,165","49,548","","-0.22%"
"03/29/2010","49,725","50,052","50,283","49,674","","-0.30%"
"03/26/2010","49,874","49,442","50,107","49,320","","0.66%"
"03/25/2010","49,546","49,315","49,905","49,237","","0.38%"
"03/24/2010","49,361","50,008","50,242","49,309","","-1.37%"
"03/23/2010","50,049","50,106","50,469","49,921","","-0.13%"
"03/22/2010","50,113","50,287","50,473","49,715","","-0.32%"
"03/19/2010","50,273","51,129","51,287","49,891","","-1.72%"
"03/18/2010","51,152","50,973","51,396","50,730","","0.26%"
"03/17/2010","51,021","51,192","51,421","50,667","","-0.34%"
"03/16/2010","51,194","50,490","51,392","50,298","","1.38%"
"03/15/2010","50,497","49,984","50,586","49,912","","0.83%"
"03/12/2010","50,082","50,449","50,846","49,992","","-0.76%"
"03/11/2010","50,464","50,312","50,640","50,120","","0.28%"
"03/10/2010","50,326","51,084","51,249","50,098","","-1.35%"
"03/09/2010","51,016","51,114","51,307","50,612","","-0.09%"
"03/08/2010","51,062","51,588","51,728","50,927","","-0.68%"
"03/05/2010","51,413","51,784","52,001","51,390","","-0.72%"
"03/04/2010","51,784","52,036","52,302","51,521","","-0.50%"
"03/03/2010","52,043","51,958","52,426","51,643","","0.39%"
"03/02/2010","51,842","51,467","52,379","51,202","","0.90%"
"03/01/2010","51,382","51,435","51,771","51,104","","-0.10%"
"02/26/2010","51,435","51,198","51,605","51,006","","0.34%"
"02/25/2010","51,260","50,781","51,606","50,461","","1.05%"
"02/24/2010","50,728","51,014","51,317","50,457","","-0.50%"
"02/23/2010","50,981","51,328","51,672","50,859","","-0.65%"
"02/22/2010","51,314","51,840","52,084","51,190","","-0.55%"
"02/19/2010","51,596","51,335","52,133","50,630","","-0.56%"
"02/18/2010","51,884","51,040","51,998","50,455","","0.85%"
"02/17/2010","51,446","51,389","51,969","51,032","","0.06%"
"02/16/2010","51,416","50,986","51,808","50,801","","0.84%"
"02/15/2010","50,986","50,751","51,084","50,397","","0.53%"
"02/12/2010","50,715","50,775","50,868","49,984","","0.00%"
"02/11/2010","50,717","49,658","50,918","49,680","","2.04%"
"02/10/2010","49,702","49,954","50,329","49,442","","-0.47%"
"02/09/2010","49,937","49,770","50,376","49,503","","0.32%"
"02/08/2010","49,777","49,744","50,244","49,412","","0.26%"
"02/05/2010","49,646","49,105","49,838","48,814","","1.06%"
"02/04/2010","49,124","50,899","51,176","48,991","","-3.54%"
"02/03/2010","50,926","51,355","51,724","50,908","","-0.90%"
"02/02/2010","51,388","50,990","51,637","50,658","","0.63%"
"02/01/2010","51,066","49,850","51,184","49,584","","2.50%"
"01/29/2010","49,818","50,249","50,404","49,556","","-0.99%"
"01/28/2010","50,314","50,216","50,781","49,796","","0.28%"
"01/27/2010","50,172","50,296","51,014","50,188","","-0.33%"
"01/26/2010","50,339","50,563","50,795","49,905","","-0.43%"
"01/25/2010","50,558","50,399","51,017","50,286","","0.18%"
"01/22/2010","50,467","50,565","50,818","50,031","","-0.28%"
"01/21/2010","50,607","50,951","51,371","50,205","","-0.67%"
"01/20/2010","50,949","52,057","52,261","50,955","","-2.10%"
"01/19/2010","52,041","51,637","52,247","51,564","","0.71%"
"01/18/2010","51,676","51,681","51,929","51,465","","-0.10%"
"01/15/2010","51,727","51,988","52,168","51,415","","-0.70%"
"01/14/2010","52,091","51,724","52,490","51,535","","0.67%"
"01/13/2010","51,745","51,498","51,867","51,015","","0.52%"
"01/12/2010","51,477","52,034","52,681","51,384","","-1.31%"
"01/11/2010","52,160","51,793","52,799","51,889","","0.99%"
"01/08/2010","51,647","51,635","52,055","51,101","","0.07%"
"01/07/2010","51,612","51,975","52,049","51,499","","-0.69%"
"01/06/2010","51,970","51,596","52,296","51,396","","0.56%"
"01/05/2010","51,682","51,864","52,169","51,456","","-0.27%"
"01/04/2010","51,820","51,078","51,997","50,860","","1.41%"
"01/01/2010","51,101","50,866","51,228","50,891","","0.48%"
"12/31/2009","50,854","50,808","51,566","50,795","","0.20%"
"12/30/2009","50,755","51,069","51,240","50,602","","-0.64%"
"12/29/2009","51,083","51,360","51,709","51,086","","-0.61%"
"12/28/2009","51,397","51,455","51,850","51,193","","0.12%"
"12/25/2009","51,336","51,401","51,470","51,347","","-0.51%"
"12/24/2009","51,600","50,715","51,690","50,724","","1.79%"
"12/23/2009","50,691","50,713","51,379","50,581","","-0.04%"
"12/22/2009","50,710","51,154","51,434","50,211","","-0.79%"
"12/21/2009","51,112","51,897","52,332","51,024","","-1.54%"
"12/18/2009","51,912","51,488","52,170","51,267","","0.78%"
"12/17/2009","51,512","52,981","53,298","51,396","","-2.74%"
"12/16/2009","52,962","52,321","53,163","52,160","","1.27%"
"12/15/2009","52,300","52,472","52,709","51,739","","-0.20%"
"12/14/2009","52,404","51,740","52,643","51,632","","1.22%"
"12/11/2009","51,772","52,554","53,191","51,573","","-1.61%"
"12/10/2009","52,619","52,496","52,867","52,228","","0.26%"
"12/09/2009","52,484","52,628","53,374","51,989","","-0.33%"
"12/08/2009","52,660","53,724","54,369","52,479","","-2.08%"
"12/07/2009","53,780","53,536","54,141","52,910","","0.37%"
"12/04/2009","53,580","55,531","56,011","52,997","","-3.78%"
"12/03/2009","55,688","56,168","56,754","55,475","","-0.75%"
"12/02/2009","56,110","55,308","56,307","55,070","","1.31%"
"12/01/2009","55,387","54,847","55,570","54,421","","1.27%"
"11/30/2009","54,690","54,729","55,044","54,093","","0.08%"
"11/27/2009","54,646","55,556","55,682","53,512","","-1.78%"
"11/26/2009","55,635","54,720","55,688","54,451","","1.80%"
"11/25/2009","54,654","54,300","54,851","53,895","","0.61%"
"11/24/2009","54,323","54,135","54,438","53,591","","0.40%"
"11/23/2009","54,105","53,570","54,501","53,107","","1.11%"
"11/20/2009","53,512","53,438","53,708","52,798","","0.12%"
"11/19/2009","53,447","52,888","53,559","52,558","","1.09%"
"11/18/2009","52,874","52,751","53,293","52,421","","0.32%"
"11/17/2009","52,707","52,387","52,837","52,035","","0.53%"
"11/16/2009","52,431","51,625","52,615","51,682","","1.48%"
"11/13/2009","51,666","51,427","51,747","51,018","","0.48%"
"11/12/2009","51,420","51,787","52,257","51,453","","-0.74%"
"11/11/2009","51,805","51,173","51,877","50,874","","1.22%"
"11/10/2009","51,180","51,216","51,462","50,886","","0.05%"
"11/09/2009","51,154","51,351","51,601","51,035","","-0.24%"
"11/06/2009","51,276","51,150","51,606","50,857","","0.11%"
"11/05/2009","51,218","51,225","51,484","50,799","","0.03%"
"11/04/2009","51,202","51,099","51,505","50,759","","0.18%"
"11/03/2009","51,109","49,578","51,432","49,582","","3.15%"
"11/02/2009","49,547","48,959","49,965","48,827","","1.15%"
"10/30/2009","48,982","48,889","49,279","48,579","","0.26%"
"10/29/2009","48,854","48,435","49,422","48,376","","0.90%"
"10/28/2009","48,416","48,737","49,125","48,437","","-0.69%"
"10/27/2009","48,751","48,268","48,983","48,270","","0.98%"
"10/26/2009","48,277","48,991","49,357","48,330","","-1.52%"
"10/23/2009","49,021","49,305","49,583","48,767","","-0.63%"
"10/22/2009","49,332","48,994","49,510","48,872","","0.55%"
"10/21/2009","49,061","48,760","49,369","48,540","","0.61%"
"10/20/2009","48,765","48,949","49,302","48,675","","-0.24%"
"10/19/2009","48,884","48,628","49,007","48,302","","0.56%"
"10/16/2009","48,614","48,227","48,851","48,202","","0.72%"
"10/15/2009","48,266","48,843","49,044","48,136","","-1.25%"
"10/14/2009","48,877","49,354","49,461","48,688","","-0.92%"
"10/13/2009","49,329","48,794","49,614","48,491","","0.92%"
"10/12/2009","48,879","48,732","49,185","48,548","","0.28%"
"10/09/2009","48,744","48,741","48,972","48,219","","0.10%"
"10/08/2009","48,695","48,675","49,120","48,306","","0.06%"
"10/07/2009","48,668","48,636","48,996","48,296","","0.02%"
"10/06/2009","48,660","48,148","48,861","47,926","","0.92%"
"10/05/2009","48,217","47,648","48,261","47,333","","1.14%"
"10/02/2009","47,674","47,596","48,107","47,189","","0.01%"
"10/01/2009","47,669","48,016","48,254","47,617","","-0.77%"
"09/30/2009","48,040","47,697","48,548","47,490","","0.72%"
"09/29/2009","47,697","47,289","47,892","47,260","","0.90%"
"09/28/2009","47,270","47,547","47,753","47,203","","-0.52%"
"09/25/2009","47,515","47,547","48,471","47,267","","-0.19%"
"09/24/2009","47,604","48,275","48,840","47,469","","-1.55%"
"09/23/2009","48,356","48,595","48,900","48,203","","-0.58%"
"09/22/2009","48,641","48,075","48,930","48,111","","1.13%"
"09/21/2009","48,096","48,194","48,326","47,772","","-0.41%"
"09/18/2009","48,295","48,701","48,929","48,327","","-0.73%"
"09/17/2009","48,651","48,902","49,176","48,596","","-0.56%"
"09/16/2009","48,924","48,746","49,303","48,765","","0.39%"
"09/15/2009","48,736","48,590","49,005","48,246","","0.22%"
"09/14/2009","48,629","48,601","48,921","48,312","","0.01%"
"09/11/2009","48,625","48,148","49,015","48,039","","0.94%"
"09/10/2009","48,172","48,007","48,383","47,655","","0.20%"
"09/09/2009","48,074","48,097","48,678","47,714","","-0.03%"
"09/08/2009","48,090","48,279","48,982","48,004","","-0.38%"
"09/07/2009","48,271","48,404","48,604","48,160","","-0.32%"
"09/04/2009","48,428","48,375","48,692","48,169","","0.18%"
"09/03/2009","48,341","47,812","48,783","47,517","","1.07%"
"09/02/2009","47,829","46,951","48,025","46,484","","1.80%"
"09/01/2009","46,986","46,224","47,076","46,058","","1.64%"
"08/31/2009","46,229","46,320","46,743","46,047","","-0.22%"
"08/28/2009","46,329","46,229","46,782","46,086","","0.21%"
"08/27/2009","46,231","46,152","46,505","45,868","","0.05%"
"08/26/2009","46,206","45,920","46,393","45,823","","0.60%"
"08/25/2009","45,932","45,675","46,641","45,642","","0.49%"
"08/24/2009","45,706","46,091","46,527","45,577","","-0.96%"
"08/21/2009","46,152","45,466","46,402","45,316","","1.47%"
"08/20/2009","45,483","45,762","46,144","45,477","","-0.58%"
"08/19/2009","45,750","45,644","46,060","45,451","","0.09%"
"08/18/2009","45,707","45,513","45,898","45,433","","0.41%"
"08/17/2009","45,521","45,578","46,090","45,276","","-0.11%"
"08/14/2009","45,571","45,780","46,293","45,472","","-0.45%"
"08/13/2009","45,778","45,548","46,223","45,531","","0.54%"
"08/12/2009","45,534","45,237","45,953","45,096","","0.70%"
"08/11/2009","45,216","45,100","45,560","44,942","","0.28%"
"08/10/2009","45,088","45,451","45,740","45,010","","-0.87%"
"08/07/2009","45,482","45,803","46,110","45,501","","-0.65%"
"08/06/2009","45,779","45,623","46,225","45,476","","0.33%"
"08/05/2009","45,630","45,884","46,068","45,192","","-0.55%"
"08/04/2009","45,882","45,262","46,067","45,046","","1.48%"
"08/03/2009","45,214","45,472","45,822","45,082","","-0.82%"
"07/31/2009","45,589","45,046","45,850","44,592","","1.24%"
"07/30/2009","45,032","44,822","45,265","44,709","","0.46%"
"07/29/2009","44,824","45,159","45,460","44,683","","-0.71%"
"07/28/2009","45,147","45,858","46,137","44,969","","-1.58%"
"07/27/2009","45,870","45,715","46,202","45,433","","0.39%"
"07/24/2009","45,693","45,631","46,043","45,487","","0.09%"
"07/23/2009","45,653","45,923","46,348","45,693","","-0.75%"
"07/22/2009","45,999","45,694","46,284","45,482","","0.65%"
"07/21/2009","45,701","45,034","46,190","45,551","","0.19%"
"07/20/2009","45,616","45,515","46,059","45,387","","0.28%"
"07/17/2009","45,486","45,533","45,750","45,258","","-0.07%"
"07/16/2009","45,516","45,589","45,749","45,214","","-0.10%"
"07/15/2009","45,562","45,202","45,775","44,684","","0.83%"
"07/14/2009","45,185","45,021","45,427","44,746","","0.40%"
"07/13/2009","45,006","44,553","45,192","44,311","","1.17%"
"07/10/2009","44,486","44,262","44,610","44,167","","0.49%"
"07/09/2009","44,269","44,328","44,779","44,063","","-0.14%"
"07/08/2009","44,332","44,708","45,210","44,178","","-0.88%"
"07/07/2009","44,725","44,795","45,154","44,464","","-0.20%"
"07/06/2009","44,814","44,519","45,129","44,207","","0.67%"
"07/03/2009","44,516","44,444","44,988","44,429","","0.02%"
"07/02/2009","44,506","44,876","45,033","44,407","","-0.87%"
"07/01/2009","44,897","44,174","45,227","44,225","","1.58%"
"06/30/2009","44,200","44,957","45,249","44,169","","-1.78%"
"06/29/2009","45,002","45,120","45,372","44,796","","-0.10%"
"06/26/2009","45,045","45,500","45,857","44,980","","-1.04%"
"06/25/2009","45,520","44,980","45,653","44,886","","1.13%"
"06/24/2009","45,009","44,821","45,650","44,517","","0.41%"
"06/23/2009","44,824","44,721","44,944","44,140","","0.21%"
"06/22/2009","44,731","44,782","45,279","44,460","","-0.20%"
"06/19/2009","44,822","44,852","45,116","44,637","","0.05%"
"06/18/2009","44,799","45,061","45,340","44,802","","-0.46%"
"06/17/2009","45,006","44,498","45,109","44,222","","1.11%"
"06/16/2009","44,510","44,161","44,782","44,129","","0.78%"
"06/15/2009","44,166","44,522","44,904","44,150","","-0.74%"
"06/12/2009","44,494","45,234","45,409","44,529","","-1.60%"
"06/11/2009","45,220","45,010","45,616","44,804","","0.46%"
"06/10/2009","45,012","45,160","45,650","44,727","","-0.26%"
"06/09/2009","45,132","45,135","45,601","44,781","","0.02%"
"06/08/2009","45,123","44,811","45,437","44,720","","0.63%"
"06/05/2009","44,842","46,150","46,309","44,757","","-2.72%"
"06/04/2009","46,096","45,110","46,257","45,118","","2.20%"
"06/03/2009","45,106","45,913","46,320","45,050","","-1.74%"
"06/02/2009","45,904","45,575","46,314","45,384","","0.73%"
"06/01/2009","45,573","46,102","46,462","45,559","","-1.19%"
"05/29/2009","46,121","45,536","46,201","45,262","","1.27%"
"05/28/2009","45,543","45,080","45,927","44,786","","0.99%"
"05/27/2009","45,096","45,184","45,715","44,710","","-0.09%"
"05/26/2009","45,137","45,247","45,697","44,852","","-0.33%"
"05/25/2009","45,285","44,760","45,396","44,632","","1.14%"
"05/22/2009","44,776","45,050","45,166","44,644","","-0.54%"
"05/21/2009","45,020","44,447","45,178","44,230","","1.33%"
"05/20/2009","44,428","43,988","44,615","43,757","","1.00%"
"05/19/2009","43,990","43,643","44,317","43,546","","0.76%"
"05/18/2009","43,659","45,829","45,982","43,576","","-4.85%"
"05/15/2009","45,884","45,919","46,081","45,584","","-0.05%"
"05/14/2009","45,907","45,909","46,271","45,675","","-0.01%"
"05/13/2009","45,912","45,418","46,171","44,968","","1.12%"
"05/12/2009","45,401","45,074","45,549","44,888","","0.69%"
"05/11/2009","45,092","44,986","45,301","44,698","","0.15%"
"05/08/2009","45,025","44,662","45,354","44,506","","0.90%"
"05/07/2009","44,625","44,919","45,467","44,604","","-0.74%"
"05/06/2009","44,958","44,042","45,113","44,069","","1.99%"
"05/05/2009","44,081","44,797","45,137","44,109","","-1.69%"
"05/04/2009","44,839","44,005","45,233","43,965","","1.95%"
"05/01/2009","43,980","44,049","44,193","43,593","","-0.09%"
"04/30/2009","44,022","44,725","44,927","43,809","","-1.68%"
"04/29/2009","44,772","44,883","45,123","44,475","","-0.19%"
"04/28/2009","44,858","45,386","46,027","44,418","","-1.17%"
"04/27/2009","45,391","45,195","45,984","45,253","","0.33%"
"04/24/2009","45,240","45,062","45,627","44,929","","0.55%"
"04/23/2009","44,992","44,693","45,360","44,463","","0.58%"
"04/22/2009","44,733","44,390","44,884","44,231","","0.80%"
"04/21/2009","44,377","44,386","45,133","44,238","","-0.04%"
"04/20/2009","44,393","43,212","44,638","42,881","","2.75%"
"04/17/2009","43,204","43,398","43,790","43,042","","-0.42%"
"04/16/2009","43,388","44,124","44,489","43,275","","-1.68%"
"04/15/2009","44,129","44,048","44,772","43,940","","0.16%"
"04/14/2009","44,060","44,386","44,756","43,918","","-0.64%"
"04/13/2009","44,346","43,839","44,804","43,776","","1.16%"
"04/10/2009","43,839","43,742","44,127","43,610","","0.18%"
"04/09/2009","43,762","44,117","44,355","43,726","","-0.75%"
"04/08/2009","44,092","43,957","44,945","43,878","","0.28%"
"04/07/2009","43,967","43,398","44,289","43,451","","1.21%"
"04/06/2009","43,440","44,603","44,759","43,222","","-2.38%"
"04/03/2009","44,497","45,123","45,611","44,461","","-1.46%"
"04/02/2009","45,158","46,908","47,001","44,933","","-3.74%"
"04/01/2009","46,913","46,391","47,140","46,173","","1.17%"
"03/31/2009","46,371","46,857","47,079","46,158","","-1.00%"
"03/30/2009","46,841","46,595","47,661","46,243","","0.71%"
"03/27/2009","46,513","47,068","47,395","46,312","","-1.11%"
"03/26/2009","47,035","47,148","47,903","46,885","","-0.23%"
"03/25/2009","47,143","46,678","47,732","46,458","","1.05%"
"03/24/2009","46,653","47,129","47,931","46,410","","-1.03%"
"03/23/2009","47,139","47,977","48,324","47,178","","-1.85%"
"03/20/2009","48,027","48,147","48,643","47,645","","-0.30%"
"03/19/2009","48,170","48,002","48,332","46,902","","0.25%"
"03/18/2009","48,048","46,868","48,423","45,262","","2.55%"
"03/17/2009","46,853","47,208","47,559","46,759","","-0.67%"
"03/16/2009","47,170","47,806","47,873","47,016","","-1.29%"
"03/13/2009","47,788","47,676","48,357","47,169","","0.12%"
"03/12/2009","47,729","46,185","48,247","46,190","","3.26%"
"03/11/2009","46,221","45,992","46,578","45,657","","0.48%"
"03/10/2009","45,999","47,672","48,010","45,777","","-3.60%"
"03/09/2009","47,717","48,502","48,831","47,224","","-1.44%"
"03/06/2009","48,416","48,104","48,863","47,962","","0.69%"
"03/05/2009","48,086","46,727","48,358","46,680","","2.88%"
"03/04/2009","46,738","47,582","47,896","46,472","","-1.66%"
"03/03/2009","47,525","47,923","48,314","47,048","","-0.88%"
"03/02/2009","47,949","47,870","49,618","47,896","","-0.33%"
"02/27/2009","48,107","47,550","49,166","47,175","","1.24%"
"02/26/2009","47,520","47,465","48,070","46,989","","0.36%"
"02/25/2009","47,348","47,829","48,865","47,171","","-1.06%"
"02/24/2009","47,856","48,827","49,528","47,772","","-2.10%"
"02/23/2009","48,881","49,337","49,573","48,338","","-0.47%"
"02/20/2009","49,112","48,072","50,154","47,973","","2.14%"
"02/19/2009","48,084","49,190","49,351","48,057","","-2.22%"
"02/18/2009","49,175","48,033","49,292","47,680","","2.24%"
"02/17/2009","48,097","45,911","48,447","45,823","","4.74%"
"02/16/2009","45,919","45,690","46,119","45,363","","0.49%"
"02/13/2009","45,695","46,046","46,185","45,319","","-0.91%"
"02/12/2009","46,114","45,753","46,492","45,211","","0.68%"
"02/11/2009","45,801","44,593","46,386","44,220","","2.50%"
"02/10/2009","44,686","43,394","44,798","43,078","","2.95%"
"02/09/2009","43,406","44,218","44,376","42,758","","-1.92%"
"02/06/2009","44,257","44,424","44,907","43,484","","-0.49%"
"02/05/2009","44,475","44,048","44,995","43,628","","0.93%"
"02/04/2009","44,065","43,674","44,250","43,209","","0.79%"
"02/03/2009","43,718","43,988","44,440","42,970","","-0.43%"
"02/02/2009","43,905","45,254","45,415","43,895","","-2.95%"
"01/30/2009","45,239","44,223","45,499","43,737","","2.25%"
"01/29/2009","44,242","43,108","44,491","42,595","","2.71%"
"01/28/2009","43,074","43,665","44,032","42,971","","-1.35%"
"01/27/2009","43,663","43,783","44,350","43,499","","-0.32%"
"01/26/2009","43,803","44,042","44,464","43,263","","-0.62%"
"01/23/2009","44,074","41,922","44,294","41,547","","4.95%"
"01/22/2009","41,996","41,849","42,359","41,276","","0.29%"
"01/21/2009","41,873","41,933","42,535","41,246","","-0.24%"
"01/20/2009","41,972","40,488","42,517","39,977","","3.57%"
"01/19/2009","40,527","40,962","41,180","40,379","","-0.92%"
"01/16/2009","40,904","39,928","41,037","39,583","","2.69%"
"01/15/2009","39,833","39,415","40,101","39,050","","0.92%"
"01/14/2009","39,468","40,147","40,477","39,253","","-1.70%"
"01/13/2009","40,149","39,804","40,759","39,855","","0.71%"
"01/12/2009","39,868","41,178","41,534","39,657","","-2.69%"
"01/09/2009","40,969","41,498","42,063","40,633","","-1.36%"
"01/08/2009","41,534","40,953","41,918","40,291","","1.45%"
"01/07/2009","40,942","41,805","42,337","40,590","","-2.09%"
"01/06/2009","41,817","41,566","42,177","40,812","","0.70%"
"01/05/2009","41,525","42,184","42,570","40,781","","-1.36%"
"01/02/2009","42,099","42,687","43,020","41,895","","-1.86%"
"01/01/2009","42,899","42,729","43,084","42,736","","0.57%"
"12/31/2008","42,656","41,923","42,956","41,477","","1.71%"
"12/30/2008","41,940","42,363","42,707","41,606","","-0.68%"
"12/29/2008","42,228","41,995","43,267","42,029","","0.47%"
"12/26/2008","42,029","39,883","42,216","39,981","","4.88%"
"12/25/2008","40,073","40,293","40,418","39,928","","-0.73%"
"12/24/2008","40,367","40,804","41,327","39,899","","-1.00%"
"12/23/2008","40,775","40,415","41,381","40,247","","1.03%"
"12/22/2008","40,358","39,443","40,739","39,327","","2.30%"
"12/19/2008","39,452","39,844","40,305","39,077","","-0.88%"
"12/18/2008","39,804","39,844","39,954","39,862","","-3.19%"
"12/17/2008","41,115","40,734","41,949","39,917","","0.93%"
"12/16/2008","40,736","39,894","40,873","39,529","","1.98%"
"12/15/2008","39,946","39,739","40,341","39,232","","0.53%"
"12/12/2008","39,734","39,448","40,066","39,095","","0.49%"
"12/11/2008","39,542","39,437","40,127","38,791","","0.50%"
"12/10/2008","39,347","38,150","39,692","38,002","","3.11%"
"12/09/2008","38,162","38,156","38,442","37,499","","-0.06%"
"12/08/2008","38,185","37,238","38,705","37,263","","2.11%"
"12/05/2008","37,395","38,124","38,472","36,751","","-1.90%"
"12/04/2008","38,119","38,566","39,280","37,836","","-1.19%"
"12/03/2008","38,578","39,155","39,299","38,124","","-1.49%"
"12/02/2008","39,163","38,404","39,373","38,166","","2.09%"
"12/01/2008","38,362","40,383","40,725","38,356","","-5.06%"
"11/28/2008","40,408","39,741","40,902","39,532","","1.69%"
"11/27/2008","39,736","40,046","40,323","39,716","","-0.80%"
"11/26/2008","40,056","40,787","40,891","39,803","","-1.79%"
"11/25/2008","40,787","40,948","41,285","40,034","","-0.35%"
"11/24/2008","40,928","39,646","41,481","36,182","","3.58%"
"11/21/2008","39,515","37,267","39,775","37,012","","5.75%"
"11/20/2008","37,367","36,525","37,740","36,411","","2.37%"
"11/19/2008","36,503","36,481","38,071","36,140","","0.24%"
"11/18/2008","36,415","36,086","36,966","36,014","","0.90%"
"11/17/2008","36,091","36,187","36,995","35,512","","-0.14%"
"11/14/2008","36,141","36,000","36,729","35,421","","0.42%"
"11/13/2008","35,991","34,964","36,206","34,368","","2.99%"
"11/12/2008","34,947","35,030","36,249","34,865","","-0.39%"
"11/11/2008","35,085","35,276","35,866","34,865","","-0.49%"
"11/10/2008","35,257","34,888","36,328","34,991","","0.90%"
"11/07/2008","34,943","34,893","35,595","34,326","","0.09%"
"11/06/2008","34,910","35,028","36,258","34,574","","-0.20%"
"11/05/2008","34,981","36,036","36,422","34,935","","-3.18%"
"11/04/2008","36,130","35,041","36,367","34,755","","3.23%"
"11/03/2008","35,000","35,680","36,112","35,030","","-1.79%"
"10/31/2008","35,639","36,221","36,591","35,521","","-1.51%"
"10/30/2008","36,187","37,284","38,446","36,140","","-2.83%"
"10/29/2008","37,240","36,952","38,260","36,530","","0.93%"
"10/28/2008","36,895","36,290","37,578","35,883","","1.67%"
"10/27/2008","36,290","36,492","37,163","35,527","","-0.55%"
"10/24/2008","36,489","35,909","36,964","34,056","","1.98%"
"10/23/2008","35,780","35,819","36,604","34,711","","-0.24%"
"10/22/2008","35,866","37,846","38,048","35,536","","-4.64%"
"10/21/2008","37,612","38,806","39,263","37,388","","-2.89%"
"10/20/2008","38,732","38,030","39,534","38,046","","1.74%"
"10/17/2008","38,069","39,187","39,687","37,782","","-2.79%"
"10/16/2008","39,163","40,986","41,428","38,236","","-4.52%"
"10/15/2008","41,018","40,031","41,479","40,093","","2.46%"
"10/14/2008","40,034","40,012","41,115","39,925","","0.14%"
"10/13/2008","39,978","41,069","42,029","39,558","","-2.42%"
"10/10/2008","40,972","43,672","45,486","40,000","","-6.28%"
"10/09/2008","43,716","43,304","43,994","41,821","","0.78%"
"10/08/2008","43,376","42,483","44,624","41,817","","2.16%"
"10/07/2008","42,459","40,891","42,841","40,743","","3.66%"
"10/06/2008","40,960","38,921","41,870","38,586","","4.89%"
"10/03/2008","39,052","38,597","40,081","38,296","","1.35%"
"10/02/2008","38,530","40,394","40,578","38,372","","-4.56%"
"10/01/2008","40,371","40,723","41,639","40,210","","-0.84%"
"09/30/2008","40,714","41,941","42,560","40,266","","-3.04%"
"09/29/2008","41,992","40,967","42,920","40,113","","2.81%"
"09/26/2008","40,846","40,306","42,324","40,056","","1.44%"
"09/25/2008","40,265","40,404","41,584","39,798","","-0.23%"
"09/24/2008","40,358","40,504","41,425","39,709","","-0.64%"
"09/23/2008","40,616","40,725","41,312","40,247","","-0.42%"
"09/22/2008","40,788","39,913","41,060","39,245","","2.25%"
"09/19/2008","39,890","39,255","40,181","38,152","","1.56%"
"09/18/2008","39,279","39,721","41,895","39,074","","-1.37%"
"09/17/2008","39,822","36,325","40,047","36,019","","9.41%"
"09/16/2008","36,397","35,878","36,970","35,449","","1.48%"
"09/15/2008","35,866","34,961","36,059","34,991","","2.82%"
"09/12/2008","34,882","34,002","35,048","33,877","","2.75%"
"09/11/2008","33,950","33,817","34,533","33,494","","0.21%"
"09/10/2008","33,878","34,688","35,332","33,864","","-2.39%"
"09/09/2008","34,706","35,625","36,072","34,733","","-2.68%"
"09/08/2008","35,660","35,863","36,481","35,530","","-0.49%"
"09/05/2008","35,837","35,243","36,600","34,804","","1.77%"
"09/04/2008","35,215","35,193","36,126","35,159","","0.12%"
"09/03/2008","35,171","35,713","35,811","34,717","","-1.43%"
"09/02/2008","35,680","36,032","36,212","35,066","","-1.12%"
"09/01/2008","36,083","36,593","36,896","36,049","","-0.83%"
"08/29/2008","36,387","36,393","36,736","36,182","","-0.07%"
"08/28/2008","36,413","36,074","36,922","36,003","","0.99%"
"08/27/2008","36,055","36,030","36,649","35,937","","0.04%"
"08/26/2008","36,041","35,872","36,323","35,396","","0.49%"
"08/25/2008","35,866","35,733","36,175","35,257","","0.71%"
"08/22/2008","35,613","36,218","36,384","35,600","","-1.76%"
"08/21/2008","36,250","35,439","36,472","35,247","","2.26%"
"08/20/2008","35,448","35,372","35,852","34,927","","0.18%"
"08/19/2008","35,385","34,728","35,515","34,064","","1.96%"
"08/18/2008","34,704","33,930","34,934","33,749","","3.23%"
"08/15/2008","33,619","34,560","34,615","33,059","","-2.75%"
"08/14/2008","34,568","35,121","35,971","34,538","","-1.60%"
"08/13/2008","35,129","34,294","35,327","33,900","","2.52%"
"08/12/2008","34,266","34,588","34,982","33,629","","-1.02%"
"08/11/2008","34,619","35,920","36,437","34,451","","-3.56%"
"08/08/2008","35,899","36,584","36,730","35,738","","-1.98%"
"08/07/2008","36,626","36,895","37,231","36,447","","-0.72%"
"08/06/2008","36,892","36,814","37,342","36,705","","0.23%"
"08/05/2008","36,808","37,898","37,983","36,831","","-2.81%"
"08/04/2008","37,873","38,433","38,878","37,901","","-1.47%"
"08/01/2008","38,438","38,862","38,936","38,174","","-0.85%"
"07/31/2008","38,769","38,339","39,303","38,268","","1.29%"
"07/30/2008","38,273","39,049","39,150","37,868","","-1.92%"
"07/29/2008","39,021","39,546","39,888","38,913","","-1.31%"
"07/28/2008","39,539","39,128","39,703","38,983","","1.01%"
"07/25/2008","39,145","39,019","39,517","38,741","","0.40%"
"07/24/2008","38,987","38,690","39,261","38,386","","0.81%"
"07/23/2008","38,676","40,150","40,367","38,615","","-3.70%"
"07/22/2008","40,163","41,173","41,697","40,129","","-2.47%"
"07/21/2008","41,180","40,799","41,405","40,760","","1.06%"
"07/18/2008","40,748","40,844","41,332","40,527","","-0.26%"
"07/17/2008","40,854","41,250","41,925","40,780","","-0.98%"
"07/16/2008","41,261","42,053","42,219","41,233","","-1.86%"
"07/15/2008","42,043","41,706","42,727","41,183","","0.88%"
"07/14/2008","41,676","41,295","41,857","40,836","","1.11%"
"07/11/2008","41,217","40,474","41,441","40,195","","1.66%"
"07/10/2008","40,543","39,898","40,636","39,828","","1.63%"
"07/09/2008","39,893","39,734","40,019","39,450","","0.41%"
"07/08/2008","39,732","39,962","40,513","39,427","","-0.60%"
"07/07/2008","39,970","40,222","40,274","39,519","","-0.62%"
"07/04/2008","40,219","40,245","40,515","40,043","","-0.11%"
"07/03/2008","40,262","40,631","40,999","40,037","","-0.99%"
"07/02/2008","40,664","40,591","40,870","40,220","","0.19%"
"07/01/2008","40,587","39,713","40,918","39,439","","2.35%"
"06/30/2008","39,653","39,708","40,322","39,345","","-0.02%"
"06/27/2008","39,659","39,008","39,833","38,649","","1.65%"
"06/26/2008","39,014","37,757","39,098","37,586","","3.40%"
"06/25/2008","37,732","38,005","38,125","37,263","","-0.76%"
"06/24/2008","38,022","37,938","38,342","37,835","","0.22%"
"06/23/2008","37,940","38,601","39,004","37,708","","-1.67%"
"06/20/2008","38,583","38,516","38,999","38,288","","0.15%"
"06/19/2008","38,527","38,259","38,993","38,346","","0.76%"
"06/18/2008","38,236","37,748","38,388","37,698","","1.28%"
"06/17/2008","37,754","37,799","38,110","37,411","","-0.10%"
"06/16/2008","37,790","37,239","38,453","37,130","","1.32%"
"06/13/2008","37,297","37,072","37,509","36,872","","0.64%"
"06/12/2008","37,059","37,559","37,712","36,671","","-1.32%"
"06/11/2008","37,557","37,190","37,925","37,031","","1.07%"
"06/10/2008","37,158","38,157","38,309","37,094","","-2.68%"
"06/09/2008","38,182","38,455","38,996","38,153","","-0.65%"
"06/06/2008","38,431","37,532","38,503","37,403","","2.30%"
"06/05/2008","37,568","37,423","37,769","37,111","","0.48%"
"06/04/2008","37,388","37,404","37,814","37,209","","-0.08%"
"06/03/2008","37,417","37,722","38,225","37,314","","-0.74%"
"06/02/2008","37,697","37,377","38,067","37,230","","0.99%"
"05/30/2008","37,328","37,305","37,789","37,040","","0.15%"
"05/29/2008","37,273","38,442","38,604","37,161","","-2.86%"
"05/28/2008","38,371","38,775","38,986","37,924","","-1.05%"
"05/27/2008","38,780","39,544","39,885","38,800","","-1.94%"
"05/26/2008","39,546","39,324","39,692","39,268","","0.59%"
"05/23/2008","39,316","39,389","39,649","39,075","","-0.32%"
"05/22/2008","39,440","39,801","40,372","39,353","","-0.90%"
"05/21/2008","39,797","39,098","39,909","38,846","","1.91%"
"05/20/2008","39,049","38,316","39,275","38,124","","1.89%"
"05/19/2008","38,326","38,287","38,867","38,189","","0.29%"
"05/16/2008","38,215","37,610","38,480","37,283","","1.70%"
"05/15/2008","37,578","36,580","37,873","36,391","","2.76%"
"05/14/2008","36,567","36,410","36,961","36,256","","0.37%"
"05/13/2008","36,433","37,071","37,221","36,271","","-1.71%"
"05/12/2008","37,066","36,688","37,362","36,573","","0.95%"
"05/09/2008","36,717","36,798","37,095","36,121","","-0.11%"
"05/08/2008","36,757","35,801","36,988","35,535","","2.76%"
"05/07/2008","35,770","35,827","36,199","35,675","","-0.19%"
"05/06/2008","35,837","35,473","36,126","35,362","","0.98%"
"05/05/2008","35,490","34,784","35,576","34,823","","2.31%"
"05/02/2008","34,689","34,425","34,914","34,210","","0.72%"
"05/01/2008","34,441","35,440","35,624","34,292","","-2.13%"
"04/30/2008","35,190","34,994","35,526","34,916","","0.46%"
"04/29/2008","35,028","35,746","36,045","35,007","","-2.03%"
"04/28/2008","35,754","35,544","36,029","35,471","","0.86%"
"04/25/2008","35,450","35,514","36,033","35,289","","-0.12%"
"04/24/2008","35,494","36,079","36,391","35,403","","-1.68%"
"04/23/2008","36,101","36,587","36,887","35,865","","-1.41%"
"04/22/2008","36,619","36,415","36,940","36,390","","0.56%"
"04/21/2008","36,415","36,510","37,076","36,342","","0.01%"
"04/18/2008","36,411","37,331","37,744","35,975","","-2.45%"
"04/17/2008","37,327","37,631","38,054","37,301","","-0.80%"
"04/16/2008","37,627","36,986","37,923","36,813","","1.72%"
"04/15/2008","36,990","36,833","37,409","36,513","","0.45%"
"04/14/2008","36,825","36,630","37,179","36,368","","-0.04%"
"04/11/2008","36,839","37,022","37,163","36,663","","-0.45%"
"04/10/2008","37,006","37,251","37,563","36,808","","-0.68%"
"04/09/2008","37,259","36,590","37,343","36,093","","1.86%"
"04/08/2008","36,578","36,691","37,035","36,261","","-0.25%"
"04/07/2008","36,671","36,346","37,148","36,318","","0.83%"
"04/04/2008","36,370","36,094","36,459","35,905","","0.85%"
"04/03/2008","36,062","35,991","36,392","35,526","","0.02%"
"04/02/2008","36,055","35,250","36,174","35,174","","2.38%"
"04/01/2008","35,218","36,628","36,868","34,882","","-3.86%"
"03/31/2008","36,630","37,118","37,631","36,639","","-1.16%"
"03/28/2008","37,061","37,931","38,107","36,711","","-2.33%"
"03/27/2008","37,943","38,280","38,344","37,549","","-0.84%"
"03/26/2008","38,264","37,611","38,332","37,505","","1.75%"
"03/25/2008","37,607","36,666","37,667","36,595","","2.48%"
"03/24/2008","36,698","36,480","37,299","36,357","","0.17%"
"03/21/2008","36,635","36,748","39,564","36,548","","0.07%"
"03/20/2008","36,611","37,914","38,071","36,637","","-3.78%"
"03/19/2008","38,051","39,428","40,425","37,853","","-3.56%"
"03/18/2008","39,456","40,802","41,032","39,333","","-3.18%"
"03/17/2008","40,754","40,531","41,940","40,421","","0.70%"
"03/14/2008","40,470","40,232","40,512","39,804","","0.66%"
"03/13/2008","40,204","39,558","40,371","39,388","","1.72%"
"03/12/2008","39,526","39,248","39,576","38,986","","0.68%"
"03/11/2008","39,261","39,308","39,865","38,839","","-0.10%"
"03/10/2008","39,300","39,329","39,852","38,843","","-0.06%"
"03/07/2008","39,325","39,263","39,963","39,125","","0.13%"
"03/06/2008","39,275","39,716","39,914","38,745","","-1.08%"
"03/05/2008","39,704","38,754","39,886","38,626","","2.53%"
"03/04/2008","38,722","39,606","39,784","38,643","","-2.23%"
"03/03/2008","39,606","38,832","39,956","38,867","","2.06%"
"02/29/2008","38,805","38,095","39,040","38,155","","0.53%"
"02/28/2008","38,601","37,986","38,645","37,926","","1.59%"
"02/27/2008","37,998","37,808","38,356","37,814","","0.44%"
"02/26/2008","37,832","37,498","37,861","36,991","","0.92%"
"02/25/2008","37,486","37,815","38,091","37,242","","-0.82%"
"02/22/2008","37,795","37,619","37,970","37,450","","0.52%"
"02/21/2008","37,600","37,844","38,009","37,545","","-0.76%"
"02/20/2008","37,888","36,924","37,948","36,658","","2.64%"
"02/19/2008","36,912","35,837","37,158","35,852","","2.90%"
"02/18/2008","35,873","35,796","36,065","35,625","","0.25%"
"02/15/2008","35,784","35,941","36,241","35,627","","-0.38%"
"02/14/2008","35,922","35,998","36,262","35,641","","-0.04%"
"02/13/2008","35,935","35,845","36,198","35,551","","0.32%"
"02/12/2008","35,822","36,610","36,679","35,747","","-2.23%"
"02/11/2008","36,639","36,453","36,816","36,283","","0.84%"
"02/08/2008","36,334","35,879","36,472","35,728","","1.24%"
"02/07/2008","35,889","35,548","36,042","35,316","","0.93%"
"02/06/2008","35,557","34,938","35,852","34,928","","1.76%"
"02/05/2008","34,942","35,444","35,705","34,909","","-1.52%"
"02/04/2008","35,480","35,515","35,903","34,913","","-0.56%"
"02/01/2008","35,681","36,286","36,869","35,415","","-1.77%"
"01/31/2008","36,325","36,422","36,555","36,053","","-0.37%"
"01/30/2008","36,461","36,246","36,667","35,979","","0.51%"
"01/29/2008","36,275","36,338","36,767","35,974","","-0.23%"
"01/28/2008","36,358","35,997","36,591","35,813","","1.25%"
"01/25/2008","35,908","35,797","36,378","35,616","","0.92%"
"01/24/2008","35,582","35,185","35,786","34,965","","1.32%"
"01/23/2008","35,120","35,060","35,274","34,567","","0.17%"
"01/22/2008","35,060","33,899","35,185","33,658","","2.86%"
"01/21/2008","34,086","34,545","34,760","33,818","","-1.66%"
"01/18/2008","34,661","34,339","34,840","34,026","","0.89%"
"01/17/2008","34,355","34,425","34,879","34,244","","-0.09%"
"01/16/2008","34,386","34,895","35,350","34,291","","-2.01%"
"01/15/2008","35,091","35,386","35,899","35,092","","-0.99%"
"01/14/2008","35,441","35,141","35,924","34,919","","1.10%"
"01/11/2008","35,055","34,951","35,277","34,723","","0.25%"
"01/10/2008","34,967","34,378","35,076","33,946","","1.82%"
"01/09/2008","34,342","34,329","35,028","34,154","","0.02%"
"01/08/2008","34,337","33,640","34,500","33,469","","2.07%"
"01/07/2008","33,640","33,822","33,926","33,510","","-0.58%"
"01/04/2008","33,837","33,841","34,155","33,488","","0.02%"
"01/03/2008","33,830","33,664","34,214","33,447","","0.42%"
"01/02/2008","33,688","32,970","33,950","32,787","","2.58%"
"01/01/2008","32,840","32,815","32,883","32,827","","0.09%"
"12/31/2007","32,811","33,052","33,247","32,788","","-0.70%"
"12/28/2007","33,044","32,525","33,108","32,298","","1.73%"
"12/27/2007","32,481","32,449","32,661","32,227","","0.01%"
"12/26/2007","32,477","31,821","32,566","31,839","","2.27%"
"12/25/2007","31,756","31,941","31,997","31,683","","-0.60%"
"12/24/2007","31,949","31,917","32,087","31,785","","0.21%"
"12/21/2007","31,881","31,430","32,064","31,262","","1.45%"
"12/20/2007","31,426","31,719","31,795","31,282","","-0.90%"
"12/19/2007","31,711","31,683","31,844","31,455","","0.18%"
"12/18/2007","31,655","31,320","31,863","31,088","","1.25%"
"12/17/2007","31,264","31,173","31,491","31,017","","0.17%"
"12/14/2007","31,212","31,386","31,667","30,966","","-0.54%"
"12/13/2007","31,382","31,962","32,005","31,125","","-1.77%"
"12/12/2007","31,949","31,346","32,114","31,342","","1.94%"
"12/11/2007","31,342","31,762","31,981","31,344","","-1.38%"
"12/10/2007","31,782","31,228","31,937","31,105","","1.65%"
"12/07/2007","31,267","31,607","31,690","31,116","","-1.07%"
"12/06/2007","31,607","31,220","31,746","30,964","","1.11%"
"12/05/2007","31,259","31,515","31,838","31,124","","-0.88%"
"12/04/2007","31,538","31,173","31,686","30,980","","1.21%"
"12/03/2007","31,161","30,917","31,334","30,667","","0.83%"
"11/30/2007","30,905","31,399","31,712","30,749","","-1.61%"
"11/29/2007","31,411","31,787","32,849","31,425","","-1.39%"
"11/28/2007","31,854","32,200","32,886","31,470","","-0.94%"
"11/27/2007","32,156","32,614","33,064","32,090","","-1.10%"
"11/26/2007","32,515","31,008","33,237","31,045","","-0.36%"
"11/23/2007","32,632","31,742","32,774","31,701","","2.80%"
"11/22/2007","31,742","31,402","31,815","31,281","","0.86%"
"11/21/2007","31,473","31,541","31,797","31,238","","-0.10%"
"11/20/2007","31,505","30,666","31,537","30,279","","2.80%"
"11/19/2007","30,646","30,697","31,139","30,421","","-0.25%"
"11/16/2007","30,725","30,897","31,298","30,639","","-0.52%"
"11/15/2007","30,886","31,783","32,182","30,674","","-2.86%"
"11/14/2007","31,795","31,400","32,038","31,388","","1.32%"
"11/13/2007","31,380","31,506","31,875","31,013","","-0.41%"
"11/12/2007","31,510","32,481","32,511","31,310","","-3.07%"
"11/09/2007","32,508","32,568","32,772","32,334","","-0.08%"
"11/08/2007","32,533","32,498","33,185","32,196","","-0.10%"
"11/07/2007","32,565","32,353","33,202","32,221","","0.79%"
"11/06/2007","32,310","31,583","32,361","31,583","","2.31%"
"11/05/2007","31,579","31,643","31,795","31,421","","-0.21%"
"11/02/2007","31,646","30,886","31,734","30,892","","2.53%"
"11/01/2007","30,866","31,168","31,372","30,772","","-1.00%"
"10/31/2007","31,179","30,713","31,235","30,474","","1.56%"
"10/30/2007","30,701","31,102","31,177","30,619","","-1.29%"
"10/29/2007","31,102","30,827","31,329","30,839","","0.82%"
"10/26/2007","30,851","30,252","30,906","30,252","","1.96%"
"10/25/2007","30,256","30,166","30,353","30,035","","0.32%"
"10/24/2007","30,158","30,034","30,204","29,759","","0.40%"
"10/23/2007","30,038","29,942","30,177","29,817","","0.37%"
"10/22/2007","29,926","30,277","30,404","29,707","","-0.96%"
"10/19/2007","30,217","30,334","30,684","29,970","","-0.18%"
"10/18/2007","30,273","29,705","30,483","29,721","","1.95%"
"10/17/2007","29,694","29,825","30,481","29,697","","-0.38%"
"10/16/2007","29,807","29,730","30,174","29,502","","0.22%"
"10/15/2007","29,741","29,327","29,853","29,291","","1.37%"
"10/12/2007","29,339","29,258","29,485","29,150","","0.34%"
"10/11/2007","29,238","28,976","29,510","28,987","","0.91%"
"10/10/2007","28,976","28,937","29,289","28,917","","0.16%"
"10/09/2007","28,929","28,872","29,172","28,613","","0.18%"
"10/08/2007","28,876","29,057","29,264","28,828","","-0.76%"
"10/05/2007","29,098","29,076","29,279","28,753","","0.09%"
"10/04/2007","29,072","28,677","29,122","28,333","","1.52%"
"10/03/2007","28,637","29,019","29,338","28,611","","-1.24%"
"10/02/2007","28,995","29,619","29,651","28,742","","-2.08%"
"10/01/2007","29,611","29,492","29,726","29,379","","0.42%"
"09/28/2007","29,488","29,059","29,582","28,979","","1.44%"
"09/27/2007","29,070","28,791","29,170","28,672","","0.96%"
"09/26/2007","28,795","28,900","29,199","28,773","","-0.35%"
"09/25/2007","28,896","28,839","29,041","28,626","","0.21%"
"09/24/2007","28,835","28,957","29,307","28,719","","-0.64%"
"09/21/2007","29,020","29,197","29,476","28,983","","-0.53%"
"09/20/2007","29,173","28,711","29,319","28,700","","1.60%"
"09/19/2007","28,715","29,151","29,267","28,698","","-1.45%"
"09/18/2007","29,139","29,003","29,221","28,686","","0.41%"
"09/17/2007","29,019","28,499","29,131","28,510","","1.77%"
"09/14/2007","28,515","28,481","28,954","28,388","","0.04%"
"09/13/2007","28,505","28,678","28,750","28,395","","-0.69%"
"09/12/2007","28,702","28,792","28,926","28,471","","-0.40%"
"09/11/2007","28,817","28,429","28,969","28,359","","1.33%"
"09/10/2007","28,437","28,343","28,723","28,274","","0.26%"
"09/07/2007","28,363","28,258","28,593","28,082","","0.49%"
"09/06/2007","28,225","27,790","28,353","27,728","","1.55%"
"09/05/2007","27,794","27,802","27,955","27,675","","0.03%"
"09/04/2007","27,786","27,357","27,892","27,280","","1.63%"
"09/03/2007","27,341","27,337","27,558","27,295","","0.07%"
"08/31/2007","27,321","27,269","27,558","27,199","","0.18%"
"08/30/2007","27,273","27,326","27,477","27,151","","-0.17%"
"08/29/2007","27,318","27,114","27,416","27,076","","0.69%"
"08/28/2007","27,130","27,255","27,523","27,129","","-0.53%"
"08/27/2007","27,275","27,335","27,411","27,192","","-0.13%"
"08/24/2007","27,310","26,985","27,467","26,817","","1.27%"
"08/23/2007","26,967","26,872","27,300","26,830","","0.31%"
"08/22/2007","26,884","26,952","27,064","26,755","","-0.25%"
"08/21/2007","26,952","26,960","27,118","26,795","","0.03%"
"08/20/2007","26,944","26,937","27,110","26,718","","-0.08%"
"08/17/2007","26,966","26,748","27,270","26,608","","0.44%"
"08/16/2007","26,846","27,047","27,484","26,403","","-0.77%"
"08/15/2007","27,055","27,139","27,292","26,879","","-0.26%"
"08/14/2007","27,127","27,020","27,298","27,015","","0.37%"
"08/13/2007","27,028","27,182","27,314","27,020","","-0.63%"
"08/10/2007","27,199","26,880","27,394","26,623","","1.92%"
"08/09/2007","26,686","27,172","27,282","26,679","","-1.76%"
"08/08/2007","27,164","27,013","27,377","26,956","","0.53%"
"08/07/2007","27,021","27,023","27,189","26,836","","0.02%"
"08/06/2007","27,014","27,037","27,359","26,949","","-0.21%"
"08/03/2007","27,071","26,778","27,199","26,717","","1.20%"
"08/02/2007","26,750","26,851","26,960","26,658","","-0.31%"
"08/01/2007","26,835","26,639","26,894","26,581","","0.63%"
"07/31/2007","26,668","26,768","26,994","26,661","","-0.36%"
"07/30/2007","26,763","26,679","26,871","26,617","","0.27%"
"07/27/2007","26,691","26,647","27,060","26,551","","0.38%"
"07/26/2007","26,591","27,143","27,296","26,601","","-1.99%"
"07/25/2007","27,131","27,354","27,488","26,998","","-0.81%"
"07/24/2007","27,354","27,335","27,625","27,336","","0.14%"
"07/23/2007","27,315","27,471","27,602","27,333","","-0.51%"
"07/20/2007","27,455","27,251","27,589","27,120","","0.72%"
"07/19/2007","27,259","27,110","27,306","27,031","","0.58%"
"07/18/2007","27,102","26,741","27,215","26,742","","1.32%"
"07/17/2007","26,749","26,738","26,917","26,696","","0.07%"
"07/16/2007","26,730","26,813","27,007","26,723","","-0.43%"
"07/13/2007","26,845","26,843","27,059","26,741","","-0.08%"
"07/12/2007","26,867","26,591","27,040","26,543","","0.93%"
"07/11/2007","26,620","26,691","26,903","26,588","","-0.24%"
"07/10/2007","26,683","26,545","26,794","26,483","","0.55%"
"07/09/2007","26,537","26,352","26,754","26,300","","0.78%"
"07/06/2007","26,331","26,172","26,439","26,020","","0.56%"
"07/05/2007","26,184","26,410","26,567","26,056","","-0.87%"
"07/04/2007","26,414","26,376","26,563","26,365","","0.08%"
"07/03/2007","26,392","26,536","26,718","26,376","","-0.56%"
"07/02/2007","26,540","26,355","26,763","26,330","","0.94%"
"06/29/2007","26,293","26,365","26,556","26,268","","-0.26%"
"06/28/2007","26,361","26,245","26,521","26,229","","0.30%"
"06/27/2007","26,282","26,219","26,411","26,102","","0.60%"
"06/26/2007","26,125","26,557","26,737","26,143","","-1.54%"
"06/25/2007","26,532","26,542","26,712","26,431","","0.01%"
"06/22/2007","26,530","26,396","26,705","26,409","","0.49%"
"06/21/2007","26,400","26,637","26,760","26,301","","-0.97%"
"06/20/2007","26,658","26,811","27,019","26,638","","-0.56%"
"06/19/2007","26,807","26,549","26,875","26,566","","0.91%"
"06/18/2007","26,565","26,582","26,882","26,532","","-0.07%"
"06/15/2007","26,582","26,501","26,772","26,453","","0.54%"
"06/14/2007","26,439","26,434","26,706","26,259","","0.10%"
"06/13/2007","26,414","26,199","26,540","26,127","","0.93%"
"06/12/2007","26,170","26,471","26,706","26,152","","-1.17%"
"06/11/2007","26,479","26,398","26,747","26,368","","0.43%"
"06/08/2007","26,366","26,742","27,076","26,327","","-1.44%"
"06/07/2007","26,750","27,071","27,359","26,729","","-1.21%"
"06/06/2007","27,079","26,972","27,276","26,911","","0.43%"
"06/05/2007","26,963","26,974","27,313","26,925","","0.03%"
"06/04/2007","26,954","27,000","27,238","26,901","","-0.15%"
"06/01/2007","26,996","26,696","27,071","26,672","","1.31%"
"05/31/2007","26,646","26,476","26,810","26,493","","0.57%"
"05/30/2007","26,495","26,351","26,797","26,358","","0.49%"
"05/29/2007","26,365","26,480","26,736","26,358","","-0.41%"
"05/28/2007","26,474","26,389","26,646","26,345","","0.28%"
"05/25/2007","26,400","26,429","26,665","26,332","","-0.16%"
"05/24/2007","26,441","26,616","26,894","26,349","","-0.58%"
"05/23/2007","26,596","26,509","26,895","26,466","","0.37%"
"05/22/2007","26,497","26,780","27,032","26,486","","-1.04%"
"05/21/2007","26,776","26,665","27,011","26,597","","0.58%"
"05/18/2007","26,621","26,676","27,054","26,432","","-0.16%"
"05/17/2007","26,664","26,860","27,148","26,552","","-0.66%"
"05/16/2007","26,840","27,221","27,520","26,782","","-1.34%"
"05/15/2007","27,205","27,155","27,431","27,099","","0.08%"
"05/14/2007","27,183","27,349","27,666","27,063","","-0.46%"
"05/11/2007","27,308","27,389","27,745","27,311","","-0.31%"
"05/10/2007","27,394","27,652","27,988","27,304","","-0.93%"
"05/09/2007","27,652","27,818","28,167","27,496","","-0.61%"
"05/08/2007","27,822","27,919","28,137","27,726","","-0.23%"
"05/07/2007","27,886","27,945","28,230","27,835","","-0.24%"
"05/04/2007","27,953","27,838","28,049","27,813","","0.37%"
"05/03/2007","27,850","27,599","28,003","27,513","","0.91%"
"05/02/2007","27,599","27,622","27,815","27,407","","0.01%"
"05/01/2007","27,597","27,833","28,018","27,548","","-0.85%"
"04/30/2007","27,833","27,786","28,196","27,708","","0.24%"
"04/27/2007","27,766","27,414","27,832","27,285","","1.24%"
"04/26/2007","27,427","27,830","28,062","27,249","","-1.46%"
"04/25/2007","27,834","27,849","28,194","27,715","","-0.01%"
"04/24/2007","27,836","28,592","28,781","27,764","","-2.57%"
"04/23/2007","28,571","28,822","28,961","28,506","","-0.60%"
"04/20/2007","28,743","28,650","28,879","28,616","","0.50%"
"04/19/2007","28,599","28,851","29,089","28,458","","-0.92%"
"04/18/2007","28,864","28,609","29,065","28,628","","0.71%"
"04/17/2007","28,659","28,814","28,979","28,616","","-0.57%"
"04/16/2007","28,823","29,100","29,247","28,537","","-0.81%"
"04/13/2007","29,058","28,838","29,116","28,729","","0.84%"
"04/12/2007","28,817","28,901","29,163","28,656","","-0.26%"
"04/11/2007","28,893","28,887","29,119","28,778","","0.09%"
"04/10/2007","28,866","28,625","29,073","28,635","","0.92%"
"04/09/2007","28,604","28,735","28,961","28,620","","-0.50%"
"04/06/2007","28,746","28,759","28,862","28,761","","-0.15%"
"04/05/2007","28,788","28,883","29,099","28,739","","-0.33%"
"04/04/2007","28,883","28,458","29,000","28,440","","1.64%"
"04/03/2007","28,415","28,631","28,754","28,357","","-0.62%"
"04/02/2007","28,593","28,670","28,755","28,263","","0.05%"
"03/30/2007","28,580","28,687","28,954","28,508","","-0.30%"
"03/29/2007","28,666","28,480","29,160","28,443","","0.82%"
"03/28/2007","28,433","28,563","28,804","28,380","","-0.33%"
"03/27/2007","28,528","28,654","28,817","28,463","","-0.46%"
"03/26/2007","28,659","28,505","28,762","28,499","","0.64%"
"03/23/2007","28,477","28,871","29,054","28,427","","-1.35%"
"03/22/2007","28,867","28,701","29,136","28,702","","0.56%"
"03/21/2007","28,705","28,676","28,860","28,456","","-0.05%"
"03/20/2007","28,720","28,756","28,955","28,497","","-0.01%"
"03/19/2007","28,721","28,686","28,957","28,670","","0.17%"
"03/16/2007","28,673","28,506","28,905","28,465","","0.59%"
"03/15/2007","28,506","28,411","28,668","28,403","","0.32%"
"03/14/2007","28,415","28,335","28,524","28,118","","0.24%"
"03/13/2007","28,348","28,672","28,817","28,371","","-1.24%"
"03/12/2007","28,702","28,590","28,924","28,504","","0.21%"
"03/09/2007","28,641","28,777","29,020","28,648","","-0.39%"
"03/08/2007","28,754","28,673","29,115","28,617","","0.41%"
"03/07/2007","28,638","28,540","28,854","28,474","","0.22%"
"03/06/2007","28,576","28,204","28,764","28,084","","1.40%"
"03/05/2007","28,182","28,370","29,703","28,145","","-0.55%"
"03/02/2007","28,339","29,291","29,443","28,238","","-3.16%"
"03/01/2007","29,265","29,498","29,923","29,166","","-0.88%"
"02/28/2007","29,525","29,917","30,006","29,130","","-1.31%"
"02/27/2007","29,917","30,216","30,368","29,732","","-1.15%"
"02/26/2007","30,264","30,025","30,469","30,047","","0.61%"
"02/23/2007","30,082","29,831","30,359","29,652","","0.80%"
"02/22/2007","29,844","29,821","30,057","29,803","","-0.09%"
"02/21/2007","29,872","28,985","30,035","28,963","","2.88%"
"02/20/2007","29,035","29,482","29,689","28,939","","-1.62%"
"02/19/2007","29,513","29,349","29,685","29,305","","0.59%"
"02/16/2007","29,340","29,407","29,509","29,079","","-0.17%"
"02/15/2007","29,389","29,363","29,584","29,099","","0.01%"
"02/14/2007","29,385","29,229","29,611","29,225","","0.53%"
"02/13/2007","29,229","29,066","29,452","29,091","","0.38%"
"02/12/2007","29,119","29,328","29,441","29,051","","-0.49%"
"02/09/2007","29,262","29,036","29,359","28,948","","0.76%"
"02/08/2007","29,040","28,664","29,079","28,591","","1.28%"
"02/07/2007","28,673","28,747","28,976","28,685","","-0.28%"
"02/06/2007","28,752","28,493","29,026","28,410","","0.91%"
"02/05/2007","28,493","28,499","28,726","28,496","","-0.01%"
"02/02/2007","28,495","28,906","29,047","28,296","","-1.50%"
"02/01/2007","28,928","28,756","29,141","28,754","","0.60%"
"01/31/2007","28,756","28,481","28,881","28,339","","0.97%"
"01/30/2007","28,481","28,389","28,522","28,249","","0.42%"
"01/29/2007","28,362","28,512","28,682","28,302","","-0.54%"
"01/26/2007","28,517","28,508","28,603","28,285","","-0.06%"
"01/25/2007","28,534","28,614","28,911","28,514","","-0.26%"
"01/24/2007","28,609","28,523","28,664","28,236","","0.32%"
"01/23/2007","28,519","27,911","28,609","27,932","","2.24%"
"01/22/2007","27,895","28,046","28,242","27,915","","-0.50%"
"01/19/2007","28,035","27,729","28,103","27,722","","1.23%"
"01/18/2007","27,695","27,834","28,136","27,687","","-0.53%"
"01/17/2007","27,843","27,597","27,967","27,398","","0.83%"
"01/16/2007","27,614","27,669","27,839","27,532","","-0.23%"
"01/15/2007","27,678","27,719","27,839","27,672","","-0.26%"
"01/12/2007","27,750","27,195","27,817","27,129","","2.00%"
"01/11/2007","27,206","27,157","27,448","27,050","","0.15%"
"01/10/2007","27,166","27,142","27,314","26,946","","0.14%"
"01/09/2007","27,129","27,004","27,316","26,861","","0.43%"
"01/08/2007","27,013","26,866","27,119","26,793","","0.77%"
"01/05/2007","26,807","27,445","27,760","26,627","","-2.36%"
"01/04/2007","27,454","27,739","28,004","27,474","","-1.02%"
"01/03/2007","27,739","28,243","28,553","27,664","","-1.79%"
"01/02/2007","28,243","28,089","28,362","28,070","","0.63%"
"01/01/2007","28,067","28,067","28,067","28,067","","0.00%"
"12/29/2006","28,067","27,960","28,144","27,883","","0.40%"
"12/28/2006","27,956","27,654","28,073","27,665","","1.09%"
"12/27/2006","27,654","27,669","27,873","27,635","","-0.07%"
"12/26/2006","27,673","27,603","27,935","27,627","","0.60%"
"12/25/2006","27,509","27,509","27,571","27,527","","-0.08%"
"12/22/2006","27,532","27,512","27,673","27,471","","0.09%"
"12/21/2006","27,507","27,609","27,834","27,519","","-0.37%"
"12/20/2006","27,609","27,738","27,940","27,601","","-0.43%"
"12/19/2006","27,729","27,474","27,784","27,463","","0.99%"
"12/18/2006","27,456","27,351","27,694","27,312","","0.47%"
"12/15/2006","27,329","27,846","28,077","27,348","","-1.89%"
"12/14/2006","27,855","28,059","28,177","27,881","","-0.79%"
"12/13/2006","28,077","28,115","28,290","27,869","","-0.12%"
"12/12/2006","28,111","28,137","28,314","28,025","","-0.11%"
"12/11/2006","28,141","27,805","28,207","27,749","","1.28%"
"12/08/2006","27,786","28,193","28,466","27,825","","-1.18%"
"12/07/2006","28,117","28,120","28,238","27,878","","-0.06%"
"12/06/2006","28,134","28,558","28,597","28,091","","-1.45%"
"12/05/2006","28,549","28,727","28,839","28,374","","-0.57%"
"12/04/2006","28,714","28,659","28,904","28,515","","0.11%"
"12/01/2006","28,684","28,872","28,988","28,674","","-0.71%"
"11/30/2006","28,890","28,327","28,967","28,356","","1.97%"
"11/29/2006","28,332","28,496","28,642","28,316","","-0.62%"
"11/28/2006","28,509","28,532","28,666","28,210","","-0.14%"
"11/27/2006","28,550","28,471","28,667","28,419","","0.40%"
"11/24/2006","28,435","28,171","28,561","28,199","","0.90%"
"11/23/2006","28,182","28,102","28,235","28,069","","0.30%"
"11/22/2006","28,097","28,075","28,330","27,986","","0.14%"
"11/21/2006","28,057","27,944","28,188","27,950","","0.45%"
"11/20/2006","27,931","27,759","28,152","27,777","","0.51%"
"11/17/2006","27,790","27,717","27,897","27,568","","0.33%"
"11/16/2006","27,699","28,174","28,320","27,714","","-1.61%"
"11/15/2006","28,152","27,954","28,314","27,905","","0.73%"
"11/14/2006","27,949","28,023","28,361","27,912","","-0.33%"
"11/13/2006","28,041","28,042","28,448","27,878","","0.15%"
"11/10/2006","28,000","28,139","28,453","27,917","","-0.54%"
"11/09/2006","28,152","27,441","28,283","27,409","","2.58%"
"11/08/2006","27,445","27,883","28,004","27,352","","-1.46%"
"11/07/2006","27,852","27,911","28,096","27,825","","-0.21%"
"11/06/2006","27,911","28,020","28,260","27,942","","-0.63%"
"11/03/2006","28,087","27,945","28,160","27,643","","0.57%"
"11/02/2006","27,927","27,635","28,059","27,539","","0.96%"
"11/01/2006","27,662","27,205","27,740","27,204","","1.66%"
"10/31/2006","27,209","27,120","27,302","26,903","","0.33%"
"10/30/2006","27,120","26,951","27,443","26,980","","0.49%"
"10/27/2006","26,987","26,918","27,053","26,759","","0.32%"
"10/26/2006","26,900","26,761","27,073","26,713","","0.54%"
"10/25/2006","26,756","26,408","26,796","26,273","","1.48%"
"10/24/2006","26,367","26,319","26,417","25,921","","0.13%"
"10/23/2006","26,333","26,656","26,913","26,258","","-1.45%"
"10/20/2006","26,720","27,111","27,310","26,749","","-1.28%"
"10/19/2006","27,066","26,679","27,212","26,578","","1.38%"
"10/18/2006","26,697","26,644","26,982","26,609","","0.15%"
"10/17/2006","26,658","27,063","27,171","26,477","","-1.29%"
"10/16/2006","27,006","26,756","27,051","26,721","","1.11%"
"10/13/2006","26,710","26,311","26,775","26,264","","1.50%"
"10/12/2006","26,315","26,077","26,397","26,001","","0.86%"
"10/11/2006","26,091","26,155","26,394","26,047","","-0.21%"
"10/10/2006","26,146","26,331","26,608","26,005","","-0.60%"
"10/09/2006","26,304","26,105","26,577","26,118","","1.09%"
"10/06/2006","26,019","26,101","26,154","25,470","","-0.42%"
"10/05/2006","26,129","25,884","26,202","25,712","","1.11%"
"10/04/2006","25,843","26,220","26,515","25,567","","-1.56%"
"10/03/2006","26,252","27,262","27,453","26,241","","-3.57%"
"10/02/2006","27,225","27,376","27,666","27,249","","-0.52%"
"09/29/2006","27,367","27,502","27,745","27,245","","-0.76%"
"09/28/2006","27,578","27,552","27,798","27,521","","0.46%"
"09/27/2006","27,451","27,078","27,480","27,004","","1.45%"
"09/26/2006","27,059","26,842","27,323","26,866","","0.72%"
"09/25/2006","26,866","26,947","27,111","26,696","","-0.14%"
"09/22/2006","26,904","26,746","27,248","26,752","","0.80%"
"09/21/2006","26,691","26,407","26,738","26,329","","1.09%"
"09/20/2006","26,403","26,428","26,938","26,352","","-0.20%"
"09/19/2006","26,457","27,069","27,170","26,491","","-2.38%"
"09/18/2006","27,101","26,679","27,170","26,650","","1.85%"
"09/15/2006","26,610","26,495","26,742","26,282","","0.45%"
"09/14/2006","26,490","27,146","27,466","26,531","","-2.43%"
"09/13/2006","27,150","27,093","27,365","26,751","","0.24%"
"09/12/2006","27,084","27,252","27,793","27,011","","-0.78%"
"09/11/2006","27,298","28,104","28,144","26,936","","-2.87%"
"09/08/2006","28,104","28,442","28,609","27,951","","-1.11%"
"09/07/2006","28,419","29,124","29,350","28,366","","-2.42%"
"09/06/2006","29,124","29,469","29,636","29,135","","-1.19%"
"09/05/2006","29,474","29,027","29,598","28,970","","1.67%"
"09/04/2006","28,990","28,967","29,174","28,980","","-0.01%"
"09/01/2006","28,992","29,028","29,224","28,764","","-0.38%"
"08/31/2006","29,103","28,685","29,196","28,679","","1.44%"
"08/30/2006","28,689","28,520","28,816","28,448","","0.92%"
"08/29/2006","28,427","28,514","28,748","28,233","","-0.26%"
"08/28/2006","28,500","28,849","29,039","28,495","","-1.35%"
"08/25/2006","28,890","28,757","29,078","28,692","","0.20%"
"08/24/2006","28,832","28,846","29,144","28,737","","-0.14%"
"08/23/2006","28,873","28,946","29,331","28,897","","-0.25%"
"08/22/2006","28,946","29,111","29,238","28,833","","-0.57%"
"08/21/2006","29,111","28,459","29,175","28,474","","2.13%"
"08/18/2006","28,505","28,437","28,746","28,182","","0.17%"
"08/17/2006","28,456","29,197","29,345","28,457","","-2.54%"
"08/16/2006","29,197","29,016","29,419","28,966","","0.61%"
"08/15/2006","29,021","29,227","29,258","28,885","","-0.79%"
"08/14/2006","29,252","29,403","29,469","29,075","","-0.39%"
"08/11/2006","29,366","29,506","30,012","29,132","","-0.13%"
"08/10/2006","29,404","30,165","30,370","29,423","","-2.49%"
"08/09/2006","30,155","29,903","30,407","29,529","","0.84%"
"08/08/2006","29,903","30,122","30,224","29,821","","-0.74%"
"08/07/2006","30,126","29,898","30,372","29,946","","0.47%"
"08/04/2006","29,986","29,948","30,461","29,908","","0.16%"
"08/03/2006","29,939","30,354","30,445","29,715","","-1.17%"
"08/02/2006","30,294","30,075","30,580","30,016","","0.70%"
"08/01/2006","30,085","29,544","30,131","29,330","","2.04%"
"07/31/2006","29,484","29,540","29,730","29,261","","-0.27%"
"07/28/2006","29,565","29,494","29,684","29,238","","0.32%"
"07/27/2006","29,470","29,032","29,851","29,062","","1.51%"
"07/26/2006","29,032","28,909","29,156","28,689","","0.39%"
"07/25/2006","28,918","28,777","29,229","28,533","","0.88%"
"07/24/2006","28,665","28,934","29,003","28,206","","-1.02%"
"07/21/2006","28,960","29,420","29,729","28,736","","-1.55%"
"07/20/2006","29,415","30,038","30,223","29,421","","-2.07%"
"07/19/2006","30,038","29,397","30,307","29,053","","2.18%"
"07/18/2006","29,397","29,962","30,574","29,284","","-1.84%"
"07/17/2006","29,948","30,855","31,444","29,995","","-2.41%"
"07/14/2006","30,689","30,590","30,906","30,429","","0.79%"
"07/13/2006","30,447","29,963","30,531","29,725","","1.62%"
"07/12/2006","29,963","29,460","30,232","29,441","","1.66%"
"07/11/2006","29,474","28,658","29,625","28,591","","2.86%"
"07/10/2006","28,653","28,856","29,096","28,543","","-0.75%"
"07/07/2006","28,870","29,107","29,246","28,777","","-0.78%"
"07/06/2006","29,098","28,842","29,234","28,704","","0.89%"
"07/05/2006","28,842","28,562","29,002","28,380","","1.06%"
"07/04/2006","28,539","28,631","28,693","28,304","","-0.40%"
"07/03/2006","28,654","28,325","28,819","28,306","","1.97%"
"06/30/2006","28,100","27,535","28,251","27,542","","2.03%"
"06/29/2006","27,540","26,797","27,592","26,780","","2.71%"
"06/28/2006","26,813","26,796","27,177","26,680","","-0.35%"
"06/27/2006","26,907","27,030","27,552","26,932","","-0.48%"
"06/26/2006","27,036","26,888","27,183","26,698","","0.79%"
"06/23/2006","26,824","26,697","27,025","26,323","","0.51%"
"06/22/2006","26,688","26,885","27,415","26,703","","-0.60%"
"06/21/2006","26,848","26,324","27,053","26,144","","1.77%"
"06/20/2006","26,381","25,854","26,419","25,774","","1.35%"
"06/19/2006","26,028","26,500","26,527","25,988","","-1.87%"
"06/16/2006","26,523","26,146","26,915","25,928","","1.51%"
"06/15/2006","26,129","25,662","26,466","25,398","","2.03%"
"06/14/2006","25,609","25,837","26,202","25,009","","-0.62%"
"06/13/2006","25,768","27,609","27,683","25,753","","-6.90%"
"06/12/2006","27,677","27,634","28,040","27,649","","-0.44%"
"06/09/2006","27,799","28,155","28,298","27,532","","-1.07%"
"06/08/2006","28,100","28,736","28,899","27,882","","-2.21%"
"06/07/2006","28,736","28,860","28,949","28,260","","-0.40%"
"06/06/2006","28,851","29,020","29,314","28,660","","-0.86%"
"06/05/2006","29,102","29,145","29,591","29,126","","-0.07%"
"06/02/2006","29,122","29,049","29,242","28,613","","0.12%"
"06/01/2006","29,086","29,760","29,884","28,704","","-2.33%"
"05/31/2006","29,778","30,109","30,498","29,541","","-1.05%"
"05/30/2006","30,095","30,023","30,697","29,856","","0.44%"
"05/29/2006","29,963","29,903","30,000","29,733","","0.38%"
"05/26/2006","29,850","29,717","30,062","29,354","","0.34%"
"05/25/2006","29,749","29,272","29,804","29,262","","1.74%"
"05/24/2006","29,240","30,359","30,707","29,068","","-3.99%"
"05/23/2006","30,455","29,813","30,593","29,664","","2.31%"
"05/22/2006","29,768","29,759","30,035","29,112","","-0.12%"
"05/19/2006","29,804","30,895","31,328","29,559","","-3.43%"
"05/18/2006","30,863","30,673","31,449","30,598","","0.18%"
"05/17/2006","30,807","31,003","32,375","30,655","","-0.72%"
"05/16/2006","31,030","30,872","31,364","30,736","","0.51%"
"05/15/2006","30,872","32,067","32,593","30,779","","-3.81%"
"05/12/2006","32,094","32,002","32,876","31,845","","-0.43%"
"05/11/2006","32,231","31,767","32,613","31,588","","1.69%"
"05/10/2006","31,695","31,390","31,731","31,117","","0.96%"
"05/09/2006","31,394","30,397","31,436","30,428","","3.27%"
"05/08/2006","30,401","30,695","30,752","30,059","","-0.59%"
"05/05/2006","30,583","30,374","30,735","30,258","","0.85%"
"05/04/2006","30,325","29,882","30,384","29,728","","1.46%"
"05/03/2006","29,888","29,917","30,368","29,604","","-0.04%"
"05/02/2006","29,899","29,280","29,933","29,253","","1.56%"
"05/01/2006","29,441","29,356","29,669","29,293","","0.30%"
"04/28/2006","29,352","28,387","29,432","28,418","","3.36%"
"04/27/2006","28,396","28,776","28,949","28,221","","-1.26%"
"04/26/2006","28,758","28,283","28,873","28,230","","1.74%"
"04/25/2006","28,265","27,845","28,516","27,775","","1.49%"
"04/24/2006","27,849","28,787","28,845","27,808","","-2.43%"
"04/21/2006","28,544","27,677","28,597","27,511","","3.13%"
"04/20/2006","27,677","28,737","29,157","27,415","","-3.70%"
"04/19/2006","28,741","27,988","28,807","27,986","","2.74%"
"04/18/2006","27,974","27,603","28,032","27,595","","1.43%"
"04/17/2006","27,580","26,988","27,706","27,018","","2.31%"
"04/14/2006","26,957","26,854","27,082","26,845","","0.38%"
"04/13/2006","26,854","26,958","27,014","26,654","","-0.38%"
"04/12/2006","26,958","26,486","27,083","26,510","","1.68%"
"04/11/2006","26,513","26,783","27,085","26,506","","-0.99%"
"04/10/2006","26,778","26,205","26,834","26,193","","2.32%"
"04/07/2006","26,172","26,550","26,717","26,063","","-1.28%"
"04/06/2006","26,510","26,146","26,578","26,103","","1.43%"
"04/05/2006","26,137","26,102","26,331","25,962","","0.01%"
"04/04/2006","26,133","26,106","26,337","26,090","","0.09%"
"04/03/2006","26,110","25,903","26,342","25,891","","0.65%"
"03/31/2006","25,941","26,150","26,255","25,779","","-0.78%"
"03/30/2006","26,146","25,516","26,202","25,453","","2.49%"
"03/29/2006","25,511","25,140","25,568","24,993","","1.48%"
"03/28/2006","25,140","25,262","25,365","25,133","","-0.50%"
"03/27/2006","25,265","24,892","25,383","24,537","","1.41%"
"03/24/2006","24,914","24,418","24,971","24,416","","2.03%"
"03/23/2006","24,418","24,438","24,555","24,218","","-0.03%"
"03/22/2006","24,424","24,430","24,623","24,288","","0.07%"
"03/21/2006","24,408","24,522","24,606","24,247","","-0.41%"
"03/20/2006","24,509","24,519","24,734","24,399","","0.09%"
"03/17/2006","24,488","24,581","24,754","24,447","","-0.34%"
"03/16/2006","24,572","24,370","24,716","24,268","","0.67%"
"03/15/2006","24,409","24,420","24,675","24,384","","-0.20%"
"03/14/2006","24,458","24,224","24,522","24,098","","0.97%"
"03/13/2006","24,224","24,043","24,280","24,040","","1.26%"
"03/10/2006","23,923","24,165","24,342","23,718","","-1.11%"
"03/09/2006","24,192","24,099","24,395","23,964","","0.34%"
"03/08/2006","24,110","24,436","24,577","23,891","","-1.38%"
"03/07/2006","24,448","24,546","24,803","24,292","","-0.47%"
"03/06/2006","24,563","24,984","25,200","24,420","","-1.54%"
"03/03/2006","24,948","25,108","25,275","24,910","","-0.63%"
"03/02/2006","25,108","24,885","25,139","24,888","","0.64%"
"03/01/2006","24,947","24,811","25,110","24,787","","0.44%"
"02/28/2006","24,838","24,570","24,890","24,564","","0.81%"
"02/27/2006","24,639","24,714","24,784","24,554","","-0.39%"
"02/24/2006","24,736","24,265","24,835","24,271","","1.57%"
"02/23/2006","24,354","24,686","24,748","24,330","","-1.29%"
"02/22/2006","24,671","24,607","24,728","24,402","","0.39%"
"02/21/2006","24,575","24,614","24,685","24,448","","-0.22%"
"02/20/2006","24,630","24,437","24,720","24,448","","0.80%"
"02/17/2006","24,435","24,144","24,639","24,075","","1.24%"
"02/16/2006","24,135","23,758","24,215","23,681","","1.33%"
"02/15/2006","23,819","24,172","24,360","23,668","","-1.42%"
"02/14/2006","24,161","23,753","24,183","23,647","","1.61%"
"02/13/2006","23,779","24,240","24,389","23,815","","-2.01%"
"02/10/2006","24,266","24,858","25,099","24,126","","-2.33%"
"02/09/2006","24,845","24,306","25,008","24,264","","2.26%"
"02/08/2006","24,295","24,221","24,438","24,083","","0.34%"
"02/07/2006","24,212","25,143","25,306","24,206","","-3.65%"
"02/06/2006","25,130","25,071","25,351","25,088","","0.51%"
"02/03/2006","25,002","25,251","25,369","24,943","","-0.94%"
"02/02/2006","25,239","25,104","25,413","25,056","","0.59%"
"02/01/2006","25,091","24,952","25,259","24,872","","0.56%"
"01/31/2006","24,952","25,040","25,313","24,929","","-0.33%"
"01/30/2006","25,034","24,558","25,077","24,590","","1.74%"
"01/27/2006","24,606","24,601","24,857","24,501","","-0.06%"
"01/26/2006","24,621","24,821","24,869","24,421","","-0.75%"
"01/25/2006","24,808","24,647","24,985","24,620","","0.62%"
"01/24/2006","24,656","24,645","24,723","24,432","","0.12%"
"01/23/2006","24,626","24,415","24,724","24,283","","0.79%"
"01/20/2006","24,433","24,619","25,106","24,411","","-0.79%"
"01/19/2006","24,628","24,038","24,641","23,917","","2.29%"
"01/18/2006","24,076","24,496","24,633","24,023","","-1.76%"
"01/17/2006","24,508","24,774","24,995","24,385","","-1.21%"
"01/16/2006","24,809","24,525","24,840","24,431","","1.16%"
"01/13/2006","24,525","24,019","24,564","23,969","","1.77%"
"01/12/2006","24,098","24,095","24,236","23,838","","0.08%"
"01/11/2006","24,078","23,913","24,100","23,738","","0.56%"
"01/10/2006","23,944","24,249","24,290","23,805","","-1.28%"
"01/09/2006","24,255","23,872","24,354","23,676","","1.55%"
"01/06/2006","23,886","23,399","23,933","23,284","","2.14%"
"01/05/2006","23,386","23,870","23,870","23,279","","-2.02%"
"01/04/2006","23,868","23,977","24,024","23,479","","-0.26%"
"01/03/2006","23,930","23,280","23,930","23,280","","2.74%"
"01/02/2006","23,291","23,306","23,327","23,284","","0.14%"
"12/30/2005","23,259","23,232","23,290","23,085","","-0.02%"
"12/29/2005","23,263","23,269","23,376","23,015","","0.15%"
"12/28/2005","23,228","22,924","23,367","22,924","","1.31%"
"12/27/2005","22,928","22,723","22,966","22,673","","1.00%"
"12/26/2005","22,700","22,708","22,802","22,682","","0.15%"
"12/23/2005","22,667","22,726","22,826","22,546","","-0.18%"
"12/22/2005","22,708","22,359","22,764","22,295","","1.60%"
"12/21/2005","22,350","22,222","22,412","22,010","","0.57%"
"12/20/2005","22,222","22,637","22,912","22,222","","-1.79%"
"12/19/2005","22,628","22,829","22,992","22,605","","-0.52%"
"12/16/2005","22,746","22,778","22,962","22,354","","-0.05%"
"12/15/2005","22,757","23,020","23,061","22,677","","-1.32%"
"12/14/2005","23,061","23,861","23,861","23,007","","-3.33%"
"12/13/2005","23,856","24,163","24,361","23,856","","-1.74%"
"12/12/2005","24,278","24,300","24,985","24,256","","0.18%"
"12/09/2005","24,235","24,032","24,457","23,980","","0.83%"
"12/08/2005","24,036","23,763","24,056","23,692","","1.15%"
"12/07/2005","23,763","23,553","23,853","23,434","","0.87%"
"12/06/2005","23,558","23,559","23,596","23,235","","0.09%"
"12/05/2005","23,536","23,239","23,536","23,239","","1.50%"
"12/02/2005","23,188","23,127","23,392","23,040","","0.41%"
"12/01/2005","23,093","22,632","23,136","22,499","","2.04%"
"11/30/2005","22,632","22,877","22,877","22,542","","-1.13%"
"11/29/2005","22,891","22,845","23,038","22,689","","0.21%"
"11/28/2005","22,843","22,721","22,913","22,638","","0.75%"
"11/25/2005","22,673","22,537","22,756","22,495","","0.66%"
"11/24/2005","22,525","22,542","22,603","22,452","","0.24%"
"11/23/2005","22,471","22,573","22,573","22,273","","-0.57%"
"11/22/2005","22,601","22,450","22,690","22,417","","0.76%"
"11/21/2005","22,430","22,153","22,444","22,098","","1.11%"
"11/18/2005","22,183","22,147","22,360","22,093","","0.30%"
"11/17/2005","22,117","21,889","22,232","21,865","","1.01%"
"11/16/2005","21,895","21,373","21,895","21,309","","2.53%"
"11/15/2005","21,355","21,410","21,480","21,238","","0.02%"
"11/14/2005","21,351","21,358","21,503","21,258","","0.11%"
"11/11/2005","21,326","21,314","21,373","21,222","","0.01%"
"11/10/2005","21,324","21,310","21,493","21,250","","0.18%"
"11/09/2005","21,285","21,029","21,379","21,013","","0.96%"
"11/08/2005","21,081","21,038","21,141","20,860","","0.24%"
"11/07/2005","21,031","20,755","21,036","20,691","","1.46%"
"11/04/2005","20,730","20,851","21,094","20,666","","-0.43%"
"11/03/2005","20,819","20,914","21,088","20,747","","-0.36%"
"11/02/2005","20,896","20,678","20,955","20,678","","1.03%"
"11/01/2005","20,683","20,944","21,007","20,610","","-1.20%"
"10/31/2005","20,935","21,267","21,322","20,935","","-1.69%"
"10/28/2005","21,294","21,325","21,382","21,119","","-0.04%"
"10/27/2005","21,303","21,173","21,393","21,164","","0.66%"
"10/26/2005","21,164","21,202","21,344","21,164","","-0.29%"
"10/25/2005","21,225","20,946","21,280","20,903","","1.35%"
"10/24/2005","20,944","20,968","21,130","20,886","","-0.25%"
"10/21/2005","20,997","20,787","21,033","20,727","","0.90%"
"10/20/2005","20,810","20,935","20,998","20,728","","-0.68%"
"10/19/2005","20,951","21,213","21,356","20,809","","-1.41%"
"10/18/2005","21,251","21,231","21,382","21,139","","0.09%"
"10/17/2005","21,231","21,008","21,293","20,964","","1.07%"
"10/14/2005","21,006","21,156","21,183","20,840","","-0.71%"
"10/13/2005","21,156","21,077","21,304","20,990","","0.48%"
"10/12/2005","21,055","21,279","21,482","21,055","","-1.01%"
"10/11/2005","21,270","21,256","21,429","21,051","","0.11%"
"10/10/2005","21,247","21,028","21,355","20,881","","1.14%"
"10/07/2005","21,008","20,908","21,060","20,803","","0.66%"
"10/06/2005","20,871","20,519","20,894","20,485","","1.75%"
"10/05/2005","20,512","20,573","20,680","20,456","","-0.21%"
"10/04/2005","20,555","20,478","20,759","20,471","","0.29%"
"10/03/2005","20,495","20,526","20,620","20,422","","-0.48%"
"09/30/2005","20,594","20,711","20,810","20,550","","-0.72%"
"09/29/2005","20,744","20,622","20,812","20,501","","0.59%"
"09/28/2005","20,622","20,345","20,673","20,270","","1.47%"
"09/27/2005","20,323","20,434","20,500","20,107","","-0.60%"
"09/26/2005","20,445","20,325","20,493","20,114","","0.72%"
"09/23/2005","20,298","20,390","20,490","20,174","","-0.52%"
"09/22/2005","20,403","20,679","20,857","20,262","","-1.33%"
"09/21/2005","20,679","20,333","20,679","20,301","","1.75%"
"09/20/2005","20,324","20,326","20,656","20,302","","-0.19%"
"09/19/2005","20,363","20,113","20,521","20,081","","1.15%"
"09/16/2005","20,131","19,960","20,187","19,871","","0.99%"
"09/15/2005","19,934","19,741","19,969","19,664","","0.98%"
"09/14/2005","19,741","19,557","19,741","19,530","","1.02%"
"09/13/2005","19,542","19,671","19,709","19,467","","-0.61%"
"09/12/2005","19,662","19,670","19,758","19,565","","0.09%"
"09/09/2005","19,644","19,532","19,670","19,488","","0.42%"
"09/08/2005","19,561","19,465","19,675","19,416","","0.52%"
"09/07/2005","19,460","19,436","19,540","19,395","","0.10%"
"09/06/2005","19,441","19,517","19,539","19,388","","-0.26%"
"09/05/2005","19,491","19,447","19,541","19,425","","0.16%"
"09/02/2005","19,460","19,452","19,625","19,338","","-0.03%"
"09/01/2005","19,465","19,120","19,549","19,120","","1.72%"
"08/31/2005","19,136","18,964","19,136","18,956","","1.00%"
"08/30/2005","18,947","19,117","19,245","18,863","","-0.99%"
"08/29/2005","19,136","19,114","19,301","19,064","","0.39%"
"08/26/2005","19,062","19,112","19,190","19,018","","-0.31%"
"08/25/2005","19,121","19,110","19,226","19,075","","0.10%"
"08/24/2005","19,101","19,136","19,250","19,023","","-0.12%"
"08/23/2005","19,125","19,064","19,229","19,025","","0.29%"
"08/22/2005","19,071","19,020","19,208","18,940","","0.53%"
"08/19/2005","18,970","19,114","19,197","18,966","","-0.71%"
"08/18/2005","19,105","19,140","19,245","19,053","","-0.11%"
"08/17/2005","19,127","19,374","19,398","19,036","","-1.28%"
"08/16/2005","19,374","19,214","19,400","19,154","","0.88%"
"08/15/2005","19,205","19,377","19,377","19,144","","-0.88%"
"08/12/2005","19,375","19,375","19,585","19,274","","-0.05%"
"08/11/2005","19,384","18,992","19,445","18,970","","2.06%"
"08/10/2005","18,992","18,883","19,005","18,866","","0.48%"
"08/09/2005","18,901","18,879","18,962","18,803","","0.09%"
"08/08/2005","18,883","18,975","19,042","18,879","","-0.62%"
"08/05/2005","19,001","18,999","19,058","18,936","","-0.05%"
"08/04/2005","19,009","18,931","19,079","18,903","","0.44%"
"08/03/2005","18,927","18,760","18,957","18,718","","0.86%"
"08/02/2005","18,766","18,714","18,816","18,705","","0.16%"
"08/01/2005","18,736","18,640","18,751","18,597","","0.44%"
"07/29/2005","18,653","18,519","18,688","18,513","","0.68%"
"07/28/2005","18,528","18,409","18,571","18,355","","0.59%"
"07/27/2005","18,420","18,371","18,450","18,272","","0.31%"
"07/26/2005","18,362","18,492","18,530","18,323","","-0.73%"
"07/25/2005","18,497","18,482","18,552","18,421","","0.28%"
"07/22/2005","18,445","18,318","18,570","18,290","","0.83%"
"07/21/2005","18,292","18,362","18,443","18,245","","-0.43%"
"07/20/2005","18,370","18,278","18,375","18,228","","0.62%"
"07/19/2005","18,257","18,296","18,370","18,205","","-0.17%"
"07/18/2005","18,288","18,301","18,371","18,258","","-0.12%"
"07/15/2005","18,310","18,236","18,314","18,158","","0.36%"
"07/14/2005","18,244","18,454","18,475","18,201","","-1.22%"
"07/13/2005","18,470","18,548","18,575","18,392","","-0.45%"
"07/12/2005","18,553","18,505","18,633","18,471","","0.29%"
"07/11/2005","18,499","18,439","18,551","18,416","","0.51%"
"07/08/2005","18,404","18,478","18,510","18,352","","-0.39%"
"07/07/2005","18,476","18,435","18,702","18,345","","0.28%"
"07/06/2005","18,424","18,427","18,504","18,358","","0.01%"
"07/05/2005","18,422","18,583","18,605","18,343","","-0.93%"
"07/04/2005","18,596","18,618","18,618","18,502","","0.05%"
"07/01/2005","18,588","18,879","18,966","18,545","","-1.68%"
"06/30/2005","18,905","18,992","19,075","18,894","","-0.57%"
"06/29/2005","19,014","18,949","19,051","18,877","","0.38%"
"06/28/2005","18,942","19,088","19,127","18,918","","-0.75%"
"06/27/2005","19,085","19,103","19,242","19,033","","-0.31%"
"06/24/2005","19,144","19,140","19,310","19,040","","-0.09%"
"06/23/2005","19,162","19,009","19,236","18,957","","0.78%"
"06/22/2005","19,014","19,051","19,136","18,970","","-0.25%"
"06/21/2005","19,062","19,005","19,088","18,901","","0.11%"
"06/20/2005","19,040","19,038","19,201","19,005","","-0.05%"
"06/17/2005","19,049","18,960","19,092","18,931","","0.34%"
"06/16/2005","18,983","18,683","18,997","18,653","","1.63%"
"06/15/2005","18,678","18,591","18,733","18,516","","0.53%"
"06/14/2005","18,580","18,591","18,668","18,540","","-0.54%"
"06/13/2005","18,680","18,497","18,761","18,419","","0.64%"
"06/10/2005","18,562","18,405","18,596","18,342","","0.87%"
"06/09/2005","18,401","18,399","18,474","18,281","","0.05%"
"06/08/2005","18,392","18,465","18,527","18,380","","-0.37%"
"06/07/2005","18,461","18,561","18,611","18,433","","-0.48%"
"06/06/2005","18,550","18,395","18,609","18,387","","0.89%"
"06/03/2005","18,387","18,403","18,494","18,362","","0.01%"
"06/02/2005","18,386","18,088","18,479","18,088","","1.35%"
"06/01/2005","18,140","18,191","18,258","18,103","","-0.34%"
"05/31/2005","18,202","18,230","18,250","18,040","","-0.13%"
"05/30/2005","18,226","18,237","18,267","18,152","","-0.20%"
"05/27/2005","18,261","18,166","18,266","18,124","","0.55%"
"05/26/2005","18,161","18,197","18,257","18,110","","-0.31%"
"05/25/2005","18,218","18,151","18,218","18,109","","0.39%"
"05/24/2005","18,147","18,132","18,264","18,038","","0.13%"
"05/23/2005","18,123","18,136","18,265","18,080","","-0.07%"
"05/20/2005","18,136","18,245","18,302","18,060","","-0.60%"
"05/19/2005","18,245","18,306","18,367","18,219","","-0.27%"
"05/18/2005","18,295","18,176","18,306","18,157","","0.68%"
"05/17/2005","18,171","18,232","18,284","18,167","","-0.27%"
"05/16/2005","18,221","18,228","18,254","18,151","","-0.04%"
"05/13/2005","18,228","18,281","18,319","18,162","","-0.24%"
"05/12/2005","18,273","18,494","18,508","18,188","","-1.13%"
"05/11/2005","18,481","18,489","18,573","18,352","","0.04%"
"05/10/2005","18,474","18,505","18,567","18,470","","-0.11%"
"05/09/2005","18,495","18,501","18,562","18,406","","0.12%"
"05/06/2005","18,473","18,634","18,731","18,348","","-0.86%"
"05/05/2005","18,634","18,675","18,740","18,517","","-0.02%"
"05/04/2005","18,638","18,613","18,686","18,569","","0.11%"
"05/03/2005","18,618","18,661","18,723","18,529","","-0.47%"
"05/02/2005","18,705","18,827","18,888","18,610","","-0.76%"
"04/29/2005","18,849","18,800","18,970","18,731","","0.35%"
"04/28/2005","18,783","18,892","18,932","18,770","","-0.44%"
"04/27/2005","18,865","19,021","19,071","18,814","","-1.04%"
"04/26/2005","19,064","19,012","19,075","18,870","","0.59%"
"04/25/2005","18,953","18,914","19,005","18,853","","0.09%"
"04/22/2005","18,936","18,896","19,012","18,824","","0.26%"
"04/21/2005","18,887","18,979","19,027","18,874","","-0.51%"
"04/20/2005","18,983","18,944","19,023","18,822","","0.25%"
"04/19/2005","18,935","18,608","18,940","18,587","","1.66%"
"04/18/2005","18,626","18,548","18,652","18,460","","0.34%"
"04/15/2005","18,564","18,498","18,599","18,402","","0.27%"
"04/14/2005","18,514","18,739","18,739","18,393","","-1.19%"
"04/13/2005","18,736","18,678","18,778","18,613","","0.36%"
"04/12/2005","18,669","18,683","18,784","18,587","","0.08%"
"04/11/2005","18,654","18,595","18,750","18,578","","0.73%"
"04/08/2005","18,519","18,554","18,655","18,519","","-0.28%"
"04/07/2005","18,571","18,612","18,704","18,556","","-0.20%"
"04/06/2005","18,608","18,555","18,673","18,503","","0.24%"
"04/05/2005","18,564","18,537","18,605","18,461","","0.15%"
"04/04/2005","18,535","18,560","18,662","18,444","","-0.16%"
"04/01/2005","18,565","18,678","18,734","18,487","","-0.61%"
"03/31/2005","18,678","18,610","18,721","18,610","","0.42%"
"03/30/2005","18,599","18,635","18,698","18,582","","0.02%"
"03/29/2005","18,595","18,614","18,712","18,595","","0.07%"
"03/28/2005","18,582","18,539","18,637","18,482","","0.11%"
"03/25/2005","18,560","18,534","18,603","18,525","","0.14%"
"03/24/2005","18,534","18,581","18,670","18,510","","0.00%"
"03/23/2005","18,534","18,600","18,730","18,505","","-0.54%"
"03/22/2005","18,634","18,805","18,861","18,591","","-0.88%"
"03/21/2005","18,800","19,108","19,140","18,704","","-1.66%"
"03/18/2005","19,119","19,097","19,197","18,970","","0.22%"
"03/17/2005","19,077","19,260","19,362","19,029","","-1.07%"
"03/16/2005","19,284","19,107","19,301","19,098","","0.87%"
"03/15/2005","19,118","19,118","19,283","19,090","","-0.07%"
"03/14/2005","19,131","19,368","19,368","19,101","","-1.03%"
"03/11/2005","19,330","19,183","19,409","19,125","","0.65%"
"03/10/2005","19,205","19,151","19,298","19,123","","0.24%"
"03/09/2005","19,160","19,208","19,258","19,105","","-0.14%"
"03/08/2005","19,186","18,933","19,186","18,905","","1.34%"
"03/07/2005","18,933","18,896","19,016","18,835","","0.20%"
"03/04/2005","18,896","18,752","18,979","18,687","","0.86%"
"03/03/2005","18,735","18,835","18,922","18,681","","-0.71%"
"03/02/2005","18,870","18,827","18,892","18,709","","0.09%"
"03/01/2005","18,853","18,986","19,010","18,763","","-0.59%"
"02/28/2005","18,964","18,949","19,084","18,940","","0.07%"
"02/25/2005","18,951","18,877","19,029","18,835","","0.28%"
"02/24/2005","18,899","18,922","19,065","18,820","","-0.21%"
"02/23/2005","18,938","18,994","18,994","18,514","","-0.06%"
"02/22/2005","18,949","18,653","18,957","18,612","","1.52%"
"02/21/2005","18,664","18,734","18,751","18,605","","-0.06%"
"02/18/2005","18,675","18,634","18,740","18,540","","0.17%"
"02/17/2005","18,643","18,545","18,721","18,516","","0.49%"
"02/16/2005","18,551","18,577","18,635","18,414","","-0.20%"
"02/15/2005","18,588","18,577","18,658","18,486","","0.08%"
"02/14/2005","18,573","18,394","18,583","18,336","","1.00%"
"02/11/2005","18,389","18,242","18,431","18,186","","0.83%"
"02/10/2005","18,238","18,021","18,281","17,985","","1.35%"
"02/09/2005","17,996","17,980","18,072","17,902","","0.06%"
"02/08/2005","17,985","17,927","18,042","17,878","","0.19%"
"02/07/2005","17,951","17,954","18,065","17,883","","0.00%"
"02/04/2005","17,951","18,043","18,177","17,901","","-0.51%"
"02/03/2005","18,043","18,242","18,274","17,941","","-1.14%"
"02/02/2005","18,251","18,338","18,426","18,161","","-0.50%"
"02/01/2005","18,343","18,410","18,445","18,279","","-0.34%"
"01/31/2005","18,406","18,586","18,600","18,301","","-1.06%"
"01/28/2005","18,604","18,595","18,727","18,480","","0.09%"
"01/27/2005","18,586","18,606","18,726","18,495","","-0.13%"
"01/26/2005","18,610","18,424","18,654","18,375","","0.97%"
"01/25/2005","18,431","18,634","18,724","18,366","","-1.09%"
"01/24/2005","18,634","18,639","18,724","18,591","","0.09%"
"01/21/2005","18,617","18,442","18,670","18,377","","0.92%"
"01/20/2005","18,446","18,451","18,513","18,350","","0.13%"
"01/19/2005","18,421","18,451","18,613","18,395","","-0.14%"
"01/18/2005","18,447","18,356","18,487","18,324","","0.37%"
"01/17/2005","18,378","18,393","18,489","18,339","","-0.24%"
"01/14/2005","18,422","18,468","18,549","18,330","","-0.23%"
"01/13/2005","18,464","18,533","18,655","18,408","","-0.37%"
"01/12/2005","18,533","18,452","18,626","18,348","","0.57%"
"01/11/2005","18,429","18,400","18,514","18,348","","0.34%"
"01/10/2005","18,366","18,315","18,518","18,300","","0.36%"
"01/07/2005","18,301","18,454","18,581","18,165","","-0.85%"
"01/06/2005","18,459","18,612","18,745","18,363","","-0.44%"
"01/05/2005","18,540","18,566","18,708","18,435","","-0.12%"
"01/04/2005","18,562","18,612","18,657","18,386","","-0.10%"
"01/03/2005","18,580","18,913","18,971","18,478","","-1.90%"
"12/31/2004","18,939","19,064","19,079","18,922","","-0.78%"
"12/30/2004","19,088","19,040","19,127","18,931","","0.25%"
"12/29/2004","19,040","19,363","19,419","18,920","","-1.61%"
"12/28/2004","19,352","19,440","19,476","19,306","","-0.48%"
"12/27/2004","19,445","19,285","19,473","19,285","","0.76%"
"12/24/2004","19,298","19,269","19,403","19,247","","0.20%"
"12/23/2004","19,258","19,255","19,364","19,206","","0.09%"
"12/22/2004","19,241","19,298","19,413","19,198","","-0.32%"
"12/21/2004","19,302","19,388","19,426","19,219","","-0.56%"
"12/20/2004","19,410","19,358","19,439","19,294","","0.58%"
"12/17/2004","19,298","19,119","19,369","19,119","","1.00%"
"12/16/2004","19,108","19,248","19,424","19,058","","-0.68%"
"12/15/2004","19,239","19,160","19,375","19,108","","0.55%"
"12/14/2004","19,134","19,355","19,388","19,116","","-1.19%"
"12/13/2004","19,364","19,319","19,419","19,168","","0.15%"
"12/10/2004","19,335","19,272","19,435","19,194","","0.26%"
"12/09/2004","19,285","19,276","19,470","19,019","","0.09%"
"12/08/2004","19,268","19,664","19,693","19,020","","-1.97%"
"12/07/2004","19,655","19,618","19,866","19,583","","0.04%"
"12/06/2004","19,648","20,056","20,101","19,599","","-2.02%"
"12/03/2004","20,054","19,774","20,087","19,705","","1.32%"
"12/02/2004","19,792","20,099","20,233","19,640","","-1.22%"
"12/01/2004","20,036","20,036","20,147","19,967","","0.06%"
"11/30/2004","20,025","20,224","20,245","19,905","","-1.06%"
"11/29/2004","20,240","20,383","20,383","20,064","","-0.37%"
"11/26/2004","20,315","20,291","20,466","20,187","","0.01%"
"11/25/2004","20,313","20,196","20,383","20,171","","0.64%"
"11/24/2004","20,185","20,124","20,250","20,102","","0.43%"
"11/23/2004","20,099","20,174","20,246","20,079","","-0.13%"
"11/22/2004","20,126","20,090","20,158","20,045","","0.09%"
"11/19/2004","20,108","19,886","20,144","19,863","","0.95%"
"11/18/2004","19,919","19,985","20,095","19,789","","-0.29%"
"11/17/2004","19,978","19,746","20,026","19,726","","1.12%"
"11/16/2004","19,758","19,649","19,802","19,609","","0.57%"
"11/15/2004","19,645","19,694","19,818","19,565","","-0.35%"
"11/12/2004","19,714","19,589","19,764","19,559","","0.58%"
"11/11/2004","19,600","19,554","19,611","19,463","","0.30%"
"11/10/2004","19,542","19,612","19,729","19,481","","-0.36%"
"11/09/2004","19,612","19,439","19,686","19,421","","0.82%"
"11/08/2004","19,452","19,213","19,621","19,213","","-0.14%"
"11/05/2004","19,479","19,351","19,569","19,147","","0.66%"
"11/04/2004","19,351","19,312","19,517","19,247","","0.07%"
"11/03/2004","19,337","19,143","19,337","19,031","","0.98%"
"11/02/2004","19,149","19,296","19,423","18,954","","-1.06%"
"11/01/2004","19,353","19,449","19,507","19,312","","-0.24%"
"10/29/2004","19,400","19,249","19,408","19,205","","0.76%"
"10/28/2004","19,254","19,308","19,431","19,136","","-0.29%"
"10/27/2004","19,310","19,444","19,547","19,266","","-0.77%"
"10/26/2004","19,460","19,531","19,569","19,346","","-0.28%"
"10/25/2004","19,515","19,407","19,634","19,407","","0.75%"
"10/22/2004","19,370","19,384","19,409","19,252","","0.12%"
"10/21/2004","19,347","19,375","19,490","19,235","","-0.20%"
"10/20/2004","19,387","19,208","19,469","19,171","","1.01%"
"10/19/2004","19,192","19,014","19,248","18,980","","0.69%"
"10/18/2004","19,060","19,143","19,221","19,021","","-0.48%"
"10/15/2004","19,153","19,114","19,293","19,103","","0.13%"
"10/14/2004","19,127","19,021","19,171","18,960","","0.41%"
"10/13/2004","19,049","18,933","19,049","18,710","","-1.36%"
"10/12/2004","19,311","19,298","19,367","18,887","","0.13%"
"10/11/2004","19,286","19,169","19,354","19,169","","-0.21%"
"10/08/2004","19,327","19,141","19,357","19,063","","0.96%"
"10/07/2004","19,144","19,137","19,247","19,080","","0.09%"
"10/06/2004","19,126","19,179","19,294","19,031","","-0.10%"
"10/05/2004","19,144","18,949","19,210","18,864","","1.11%"
"10/04/2004","18,935","19,188","19,200","18,831","","-1.32%"
"10/01/2004","19,188","19,175","19,255","19,073","","0.01%"
"09/30/2004","19,186","18,939","19,215","18,865","","1.21%"
"09/29/2004","18,957","18,983","19,064","18,878","","-0.02%"
"09/28/2004","18,960","18,738","19,023","18,726","","1.25%"
"09/27/2004","18,726","18,755","18,813","18,653","","0.30%"
"09/24/2004","18,670","18,767","18,853","18,628","","-0.52%"
"09/23/2004","18,767","18,526","18,871","18,526","","0.68%"
"09/22/2004","18,641","18,700","18,717","18,484","","-0.32%"
"09/21/2004","18,700","18,530","18,753","18,503","","0.79%"
"09/20/2004","18,553","18,534","18,631","18,472","","-0.14%"
"09/17/2004","18,580","18,501","18,620","18,459","","0.44%"
"09/16/2004","18,499","18,510","18,613","18,402","","0.00%"
"09/15/2004","18,499","18,449","18,608","18,429","","-0.22%"
"09/14/2004","18,540","18,607","18,634","18,434","","-0.36%"
"09/13/2004","18,607","18,561","18,630","18,338","","0.30%"
"09/10/2004","18,552","18,458","18,598","18,412","","0.62%"
"09/09/2004","18,437","18,463","18,542","18,343","","-0.17%"
"09/08/2004","18,468","18,396","18,502","18,249","","0.39%"
"09/07/2004","18,396","18,562","18,637","18,343","","-0.95%"
"09/06/2004","18,573","18,550","18,632","18,538","","0.34%"
"09/03/2004","18,511","18,767","18,800","18,432","","-1.44%"
"09/02/2004","18,780","18,886","18,901","18,752","","-0.54%"
"09/01/2004","18,883","18,963","18,975","18,805","","-0.35%"
"08/31/2004","18,949","18,837","19,027","18,798","","0.66%"
"08/30/2004","18,825","18,662","18,933","18,610","","0.97%"
"08/27/2004","18,644","18,817","18,929","18,538","","-0.92%"
"08/26/2004","18,817","18,812","18,914","18,695","","0.10%"
"08/25/2004","18,798","18,639","18,878","18,639","","0.91%"
"08/24/2004","18,630","18,865","18,900","18,591","","-1.19%"
"08/23/2004","18,853","19,023","19,032","18,853","","-1.18%"
"08/20/2004","19,078","18,769","19,133","18,697","","1.52%"
"08/19/2004","18,793","18,693","18,850","18,682","","0.53%"
"08/18/2004","18,693","18,693","18,743","18,580","","-0.05%"
"08/17/2004","18,702","18,628","18,752","18,508","","0.34%"
"08/16/2004","18,640","18,453","18,659","18,453","","1.23%"
"08/13/2004","18,414","18,250","18,463","18,128","","1.10%"
"08/12/2004","18,212","18,304","18,377","18,163","","-0.42%"
"08/11/2004","18,290","18,379","18,410","18,151","","-0.75%"
"08/10/2004","18,427","18,508","18,564","18,406","","-0.50%"
"08/09/2004","18,520","18,402","18,563","18,363","","0.23%"
"08/06/2004","18,477","18,150","18,535","18,123","","1.65%"
"08/05/2004","18,177","18,157","18,220","18,070","","0.11%"
"08/04/2004","18,157","18,235","18,258","18,056","","-0.42%"
"08/03/2004","18,235","18,072","18,273","18,000","","0.63%"
"08/02/2004","18,121","18,262","18,282","18,072","","-0.01%"
"07/30/2004","18,123","17,978","18,180","17,972","","0.75%"
"07/29/2004","17,988","17,940","18,168","17,883","","0.07%"
"07/28/2004","17,975","17,891","18,034","17,818","","0.41%"
"07/27/2004","17,902","18,068","18,188","17,795","","-0.79%"
"07/26/2004","18,045","18,088","18,161","17,987","","0.14%"
"07/23/2004","18,020","18,251","18,293","17,924","","-1.20%"
"07/22/2004","18,239","18,317","18,413","18,183","","-0.49%"
"07/21/2004","18,328","18,432","18,512","18,162","","-0.44%"
"07/20/2004","18,409","18,696","18,750","18,367","","-1.47%"
"07/19/2004","18,683","18,583","18,767","18,451","","0.47%"
"07/16/2004","18,596","18,577","18,700","18,494","","0.08%"
"07/15/2004","18,582","18,536","18,663","18,493","","0.06%"
"07/14/2004","18,570","18,434","18,623","18,434","","0.90%"
"07/13/2004","18,404","18,584","18,650","18,321","","-0.97%"
"07/12/2004","18,584","18,567","18,673","18,484","","0.11%"
"07/09/2004","18,564","18,546","18,643","18,507","","-0.11%"
"07/08/2004","18,584","18,389","18,678","18,287","","1.09%"
"07/07/2004","18,384","18,036","18,457","18,024","","2.06%"
"07/06/2004","18,013","18,209","18,363","17,879","","-1.00%"
"07/05/2004","18,195","18,146","18,257","18,135","","0.26%"
"07/02/2004","18,148","18,106","18,274","17,934","","0.16%"
"07/01/2004","18,120","18,116","18,177","18,009","","0.09%"
"06/30/2004","18,104","18,059","18,196","17,994","","0.40%"
"06/29/2004","18,031","18,409","18,424","17,982","","-1.87%"
"06/28/2004","18,375","18,426","18,575","18,302","","-0.16%"
"06/25/2004","18,405","18,423","18,486","18,328","","-0.06%"
"06/24/2004","18,416","18,005","18,490","17,978","","2.26%"
"06/23/2004","18,009","18,233","18,303","17,927","","-1.23%"
"06/22/2004","18,233","18,052","18,306","18,001","","0.95%"
"06/21/2004","18,061","17,970","18,193","17,931","","0.41%"
"06/18/2004","17,988","17,639","18,068","17,545","","1.85%"
"06/17/2004","17,661","17,435","17,684","17,368","","1.29%"
"06/16/2004","17,437","17,584","17,666","17,359","","-0.90%"
"06/15/2004","17,595","17,373","17,626","17,276","","1.41%"
"06/14/2004","17,350","17,358","17,466","17,258","","0.11%"
"06/11/2004","17,331","17,336","17,356","17,269","","-0.08%"
"06/10/2004","17,345","17,201","17,445","17,174","","0.64%"
"06/09/2004","17,234","17,594","17,605","17,210","","-1.92%"
"06/08/2004","17,572","17,723","17,817","17,560","","-0.77%"
"06/07/2004","17,708","17,586","17,735","17,586","","0.69%"
"06/04/2004","17,586","17,510","17,621","17,373","","0.50%"
"06/03/2004","17,499","17,693","17,753","17,474","","-1.03%"
"06/02/2004","17,682","17,865","17,999","17,677","","-1.06%"
"06/01/2004","17,871","17,956","18,091","17,829","","-0.52%"
"05/31/2004","17,965","17,861","18,043","17,861","","0.57%"
"05/28/2004","17,863","17,905","17,998","17,805","","-0.30%"
"05/27/2004","17,916","17,598","17,957","17,592","","1.85%"
"05/26/2004","17,592","17,587","17,767","17,547","","0.22%"
"05/25/2004","17,553","17,436","17,675","17,414","","0.54%"
"05/24/2004","17,459","17,376","17,483","17,319","","0.41%"
"05/21/2004","17,387","17,176","17,485","17,176","","1.30%"
"05/20/2004","17,165","17,236","17,250","17,092","","-0.35%"
"05/19/2004","17,225","17,086","17,276","17,040","","0.71%"
"05/18/2004","17,104","17,195","17,320","17,027","","-0.66%"
"05/17/2004","17,218","17,058","17,523","17,058","","0.52%"
"05/14/2004","17,129","16,897","17,147","16,852","","1.15%"
"05/13/2004","16,933","17,116","17,267","16,841","","-0.93%"
"05/12/2004","17,093","17,131","17,391","17,063","","-0.05%"
"05/11/2004","17,102","16,950","17,239","16,927","","0.70%"
"05/10/2004","16,983","16,918","17,014","16,693","","0.58%"
"05/07/2004","16,885","17,281","17,290","16,819","","-2.23%"
"05/06/2004","17,270","17,492","17,576","17,231","","-1.36%"
"05/05/2004","17,508","17,487","17,641","17,371","","0.25%"
"05/04/2004","17,464","17,346","17,559","17,299","","0.75%"
"05/03/2004","17,334","17,272","17,467","17,220","","0.78%"
"04/30/2004","17,199","17,212","17,335","17,134","","0.06%"
"04/29/2004","17,190","16,957","17,201","16,757","","1.24%"
"04/28/2004","16,979","17,577","17,581","16,928","","-3.43%"
"04/27/2004","17,582","17,454","17,629","17,447","","0.75%"
"04/26/2004","17,451","17,399","17,537","17,301","","0.40%"
"04/23/2004","17,381","17,394","17,462","17,259","","-0.01%"
"04/22/2004","17,383","17,196","17,383","17,163","","1.35%"
"04/21/2004","17,152","17,349","17,366","17,115","","-0.84%"
"04/20/2004","17,298","17,570","17,596","17,298","","-1.44%"
"04/19/2004","17,550","17,489","17,804","17,489","","0.25%"
"04/16/2004","17,507","17,547","17,609","17,370","","-0.11%"
"04/15/2004","17,525","17,555","17,612","17,363","","-0.10%"
"04/14/2004","17,542","17,770","17,802","17,317","","-1.22%"
"04/13/2004","17,759","18,295","18,390","17,693","","-2.73%"
"04/12/2004","18,258","18,289","18,401","18,173","","-0.19%"
"04/09/2004","18,292","18,232","18,358","18,232","","0.21%"
"04/08/2004","18,254","18,349","18,461","18,196","","-0.64%"
"04/07/2004","18,371","18,267","18,412","18,117","","0.51%"
"04/06/2004","18,278","18,103","18,332","18,071","","1.02%"
"04/05/2004","18,092","18,391","18,424","18,012","","-0.98%"
"04/02/2004","18,271","18,429","18,737","18,200","","-0.85%"
"04/01/2004","18,429","18,425","18,636","18,382","","-0.15%"
"03/31/2004","18,457","18,511","18,603","18,245","","-0.37%"
"03/30/2004","18,525","18,355","18,551","18,344","","0.80%"
"03/29/2004","18,377","18,687","18,704","18,263","","-1.98%"
"03/26/2004","18,748","18,602","18,764","18,489","","0.82%"
"03/25/2004","18,595","18,530","18,685","18,528","","0.23%"
"03/24/2004","18,552","18,774","18,782","18,536","","-1.24%"
"03/23/2004","18,785","18,780","18,819","18,584","","0.09%"
"03/22/2004","18,769","18,595","18,836","18,540","","0.98%"
"03/19/2004","18,586","18,559","18,638","18,452","","0.03%"
"03/18/2004","18,581","18,369","18,695","18,332","","1.09%"
"03/17/2004","18,380","18,158","18,391","18,128","","1.09%"
"03/16/2004","18,182","18,069","18,257","18,026","","0.81%"
"03/15/2004","18,035","17,908","18,098","17,865","","0.99%"
"03/12/2004","17,857","18,182","18,204","17,830","","-1.72%"
"03/11/2004","18,170","18,049","18,190","17,944","","0.62%"
"03/10/2004","18,058","18,212","18,268","17,947","","-0.57%"
"03/09/2004","18,162","18,139","18,337","18,064","","0.25%"
"03/08/2004","18,116","18,099","18,129","17,999","","-0.24%"
"03/05/2004","18,161","17,757","18,161","17,746","","2.26%"
"03/04/2004","17,760","17,738","17,913","17,681","","-0.06%"
"03/03/2004","17,772","17,742","17,794","17,523","","0.12%"
"03/02/2004","17,750","18,037","18,128","17,661","","-1.70%"
"03/01/2004","18,057","17,950","18,206","17,893","","0.95%"
"02/27/2004","17,888","17,858","17,984","17,716","","0.19%"
"02/26/2004","17,854","17,868","17,976","17,643","","0.00%"
"02/25/2004","17,855","18,242","18,286","17,721","","-2.19%"
"02/24/2004","18,254","18,032","18,286","17,986","","1.21%"
"02/23/2004","18,034","17,986","18,108","17,904","","0.37%"
"02/20/2004","17,968","18,563","18,589","17,808","","-2.97%"
"02/19/2004","18,518","18,574","18,636","18,429","","-0.06%"
"02/18/2004","18,528","18,761","18,851","18,503","","-1.24%"
"02/17/2004","18,761","18,586","18,809","18,570","","0.87%"
"02/16/2004","18,599","18,544","18,622","18,474","","0.53%"
"02/13/2004","18,501","18,606","18,850","18,349","","-0.71%"
"02/12/2004","18,633","18,568","18,692","18,500","","0.35%"
"02/11/2004","18,568","18,348","18,602","18,281","","1.27%"
"02/10/2004","18,336","18,366","18,541","18,326","","-0.14%"
"02/09/2004","18,362","18,199","18,429","18,187","","0.74%"
"02/06/2004","18,227","17,944","18,351","17,850","","1.64%"
"02/05/2004","17,933","18,115","18,141","17,918","","-1.01%"
"02/04/2004","18,115","18,097","18,144","17,999","","0.22%"
"02/03/2004","18,074","18,013","18,261","18,008","","0.40%"
"02/02/2004","18,002","18,178","18,235","17,822","","-1.04%"
"01/30/2004","18,192","18,073","18,223","18,020","","0.65%"
"01/29/2004","18,073","18,544","18,624","17,911","","-2.78%"
"01/28/2004","18,589","18,574","18,789","18,485","","0.02%"
"01/27/2004","18,585","18,274","18,651","18,229","","1.53%"
"01/26/2004","18,305","18,440","18,511","18,285","","-1.00%"
"01/23/2004","18,490","18,582","18,711","18,393","","-0.38%"
"01/22/2004","18,560","18,600","18,712","18,477","","-0.17%"
"01/21/2004","18,591","18,687","18,750","18,471","","-0.57%"
"01/20/2004","18,699","18,455","18,733","18,371","","1.19%"
"01/19/2004","18,478","18,501","18,564","18,428","","0.31%"
"01/16/2004","18,421","18,577","18,625","18,363","","-0.66%"
"01/15/2004","18,543","19,045","19,089","18,472","","-2.35%"
"01/14/2004","18,989","19,207","19,267","18,916","","-1.08%"
"01/13/2004","19,196","19,277","19,374","19,134","","-0.22%"
"01/12/2004","19,238","19,360","19,467","19,187","","-0.63%"
"01/09/2004","19,360","19,241","19,365","19,057","","0.56%"
"01/08/2004","19,252","19,092","19,316","18,975","","0.77%"
"01/07/2004","19,106","19,219","19,290","19,067","","-0.65%"
"01/06/2004","19,231","19,307","19,640","19,171","","-0.25%"
"01/05/2004","19,279","18,954","19,363","18,906","","1.96%"
"01/02/2004","18,909","18,873","19,027","18,873","","-0.02%"
"01/01/2004","18,912","18,909","18,917","18,898","","0.00%"
"12/31/2003","18,911","18,924","19,033","18,832","","-0.05%"
"12/30/2003","18,920","18,854","19,003","18,850","","0.30%"
"12/29/2003","18,864","18,725","18,919","18,725","","0.85%"
"12/26/2003","18,705","18,760","18,831","18,705","","-0.01%"
"12/25/2003","18,707","18,710","18,794","18,707","","-0.01%"
"12/24/2003","18,710","18,683","18,778","18,654","","0.32%"
"12/23/2003","18,649","18,629","18,723","18,550","","0.07%"
"12/22/2003","18,635","18,535","18,748","18,535","","0.34%"
"12/19/2003","18,573","18,665","18,684","18,502","","-0.52%"
"12/18/2003","18,670","18,720","18,720","18,514","","-0.27%"
"12/17/2003","18,720","18,545","18,764","18,482","","1.07%"
"12/16/2003","18,523","18,655","18,685","18,478","","-0.47%"
"12/15/2003","18,610","18,560","18,662","18,242","","0.05%"
"12/12/2003","18,601","18,431","18,627","18,402","","1.07%"
"12/11/2003","18,404","18,397","18,486","18,282","","-0.12%"
"12/10/2003","18,426","18,569","18,691","18,406","","-0.74%"
"12/09/2003","18,564","18,469","18,625","18,437","","0.33%"
"12/08/2003","18,503","18,476","18,633","18,395","","0.07%"
"12/05/2003","18,490","18,346","18,521","18,164","","0.76%"
"12/04/2003","18,350","18,410","18,438","18,195","","-0.45%"
"12/03/2003","18,433","18,369","18,433","18,232","","0.15%"
"12/02/2003","18,405","18,371","18,489","18,186","","-0.07%"
"12/01/2003","18,417","18,174","18,417","18,098","","1.34%"
"11/28/2003","18,174","18,111","18,283","18,087","","0.36%"
"11/27/2003","18,109","18,153","18,210","18,109","","-0.37%"
"11/26/2003","18,176","17,927","18,357","17,900","","1.39%"
"11/25/2003","17,927","17,942","18,080","17,847","","0.02%"
"11/24/2003","17,923","18,085","18,167","17,842","","-0.85%"
"11/21/2003","18,076","18,013","18,157","17,931","","0.34%"
"11/20/2003","18,016","17,994","18,139","17,885","","0.15%"
"11/19/2003","17,989","18,132","18,220","17,861","","-0.72%"
"11/18/2003","18,120","17,748","18,120","17,739","","2.23%"
"11/17/2003","17,726","18,067","18,134","17,510","","-1.52%"
"11/14/2003","17,999","17,899","18,099","17,862","","0.59%"
"11/13/2003","17,894","17,851","18,023","17,787","","0.40%"
"11/12/2003","17,823","17,539","17,924","17,515","","1.73%"
"11/11/2003","17,521","17,413","17,591","17,413","","0.43%"
"11/10/2003","17,445","17,342","17,490","17,280","","0.66%"
"11/07/2003","17,331","17,176","17,338","16,964","","0.98%"
"11/06/2003","17,162","17,255","17,365","17,133","","-0.38%"
"11/05/2003","17,228","17,202","17,388","17,129","","0.24%"
"11/04/2003","17,188","17,079","17,210","17,022","","0.73%"
"11/03/2003","17,063","17,410","17,447","16,993","","-1.94%"
"10/31/2003","17,401","17,337","17,623","17,238","","0.32%"
"10/30/2003","17,346","17,499","17,719","17,266","","-0.77%"
"10/29/2003","17,480","17,335","17,555","17,144","","0.85%"
"10/28/2003","17,333","17,600","17,600","17,283","","-1.43%"
"10/27/2003","17,584","17,576","17,607","17,463","","-0.05%"
"10/24/2003","17,592","17,382","17,756","17,374","","1.16%"
"10/23/2003","17,391","17,382","17,405","17,382","","-0.40%"
"10/22/2003","17,460","17,228","17,520","17,176","","1.19%"
"10/21/2003","17,256","16,901","17,263","16,889","","2.07%"
"10/20/2003","16,905","16,878","16,939","16,761","","0.55%"
"10/17/2003","16,813","16,824","16,883","16,559","","0.05%"
"10/16/2003","16,804","16,986","17,024","16,775","","-1.18%"
"10/15/2003","17,004","17,093","17,174","16,922","","-0.70%"
"10/14/2003","17,123","16,972","17,183","16,912","","0.78%"
"10/13/2003","16,990","16,943","17,018","16,743","","0.42%"
"10/10/2003","16,919","16,717","16,931","16,705","","1.28%"
"10/09/2003","16,705","16,993","17,089","16,616","","-1.53%"
"10/08/2003","16,966","17,052","17,108","16,948","","-0.33%"
"10/07/2003","17,022","16,901","17,101","16,893","","0.73%"
"10/06/2003","16,898","16,825","16,941","16,756","","0.95%"
"10/03/2003","16,739","17,379","17,504","16,595","","-3.70%"
"10/02/2003","17,382","17,526","17,564","17,275","","-0.65%"
"10/01/2003","17,497","17,542","17,608","17,395","","-0.34%"
"09/30/2003","17,556","17,507","17,735","17,404","","0.48%"
"09/29/2003","17,473","17,431","17,605","17,366","","0.52%"
"09/26/2003","17,382","17,629","17,702","17,314","","-1.53%"
"09/25/2003","17,652","17,770","17,994","17,554","","-0.75%"
"09/24/2003","17,786","17,625","17,786","17,534","","1.02%"
"09/23/2003","17,607","17,652","17,732","17,516","","-0.41%"
"09/22/2003","17,679","17,545","17,753","17,543","","1.07%"
"09/19/2003","17,493","17,281","17,581","17,205","","1.25%"
"09/18/2003","17,277","17,228","17,438","17,215","","0.08%"
"09/17/2003","17,263","17,072","17,279","17,051","","1.08%"
"09/16/2003","17,079","17,100","17,240","17,022","","-0.04%"
"09/15/2003","17,086","17,160","17,242","17,032","","-0.23%"
"09/12/2003","17,126","17,316","17,425","17,122","","-1.25%"
"09/11/2003","17,343","17,347","17,416","17,128","","-0.06%"
"09/10/2003","17,354","17,476","17,501","17,260","","-0.78%"
"09/09/2003","17,491","17,138","17,547","17,138","","1.86%"
"09/08/2003","17,171","17,262","17,272","17,069","","-0.55%"
"09/05/2003","17,266","17,116","17,334","16,969","","0.79%"
"09/04/2003","17,130","17,185","17,185","16,930","","0.00%"
"09/03/2003","17,130","17,041","17,213","16,918","","0.59%"
"09/02/2003","17,029","17,202","17,382","17,018","","-0.94%"
"09/01/2003","17,190","17,145","17,338","17,122","","-0.05%"
"08/29/2003","17,199","16,938","17,283","16,889","","1.57%"
"08/28/2003","16,933","16,996","17,037","16,865","","-0.46%"
"08/27/2003","17,012","16,701","17,134","16,630","","1.89%"
"08/26/2003","16,697","16,534","16,772","16,443","","0.94%"
"08/25/2003","16,541","16,585","16,692","16,529","","-0.43%"
"08/22/2003","16,613","16,568","16,672","16,359","","0.41%"
"08/21/2003","16,545","16,774","16,774","16,397","","-1.32%"
"08/20/2003","16,766","16,561","16,791","16,536","","1.26%"
"08/19/2003","16,557","16,419","16,592","16,300","","0.86%"
"08/18/2003","16,415","16,660","16,685","16,362","","-1.51%"
"08/15/2003","16,667","16,792","16,832","16,637","","-0.61%"
"08/14/2003","16,769","16,609","16,783","16,127","","0.86%"
"08/13/2003","16,627","16,432","16,664","16,312","","1.19%"
"08/12/2003","16,432","16,607","16,630","16,425","","-1.08%"
"08/11/2003","16,612","16,369","16,617","16,369","","1.40%"
"08/08/2003","16,383","16,158","16,445","16,158","","1.32%"
"08/07/2003","16,169","16,157","16,223","16,041","","-0.06%"
"08/06/2003","16,180","16,197","16,273","16,060","","-0.18%"
"08/05/2003","16,209","16,110","16,225","16,016","","0.61%"
"08/04/2003","16,110","15,991","16,136","15,949","","0.49%"
"08/01/2003","16,031","16,377","16,396","15,941","","-2.02%"
"07/31/2003","16,361","16,409","16,601","16,258","","-0.32%"
"07/30/2003","16,414","16,628","16,631","16,337","","-1.36%"
"07/29/2003","16,640","16,762","16,843","16,603","","-0.97%"
"07/28/2003","16,804","16,686","16,928","16,598","","0.59%"
"07/25/2003","16,705","16,651","16,776","16,553","","0.39%"
"07/24/2003","16,640","16,589","16,732","16,373","","0.52%"
"07/23/2003","16,554","16,159","16,554","16,147","","2.56%"
"07/22/2003","16,141","16,240","16,315","16,063","","-0.54%"
"07/21/2003","16,229","16,063","16,261","16,027","","1.36%"
"07/18/2003","16,012","15,873","16,051","15,832","","0.73%"
"07/17/2003","15,896","15,823","15,944","15,730","","0.42%"
"07/16/2003","15,830","15,747","15,893","15,680","","0.58%"
"07/15/2003","15,738","15,977","16,132","15,687","","-1.57%"
"07/14/2003","15,989","15,895","16,009","15,832","","0.78%"
"07/11/2003","15,865","15,899","15,924","15,745","","-0.50%"
"07/10/2003","15,945","15,909","15,945","15,785","","0.20%"
"07/09/2003","15,914","15,900","15,981","15,840","","0.03%"
"07/08/2003","15,909","16,092","16,124","15,810","","-1.18%"
"07/07/2003","16,099","16,250","16,291","16,064","","-0.72%"
"07/04/2003","16,215","16,246","16,298","16,211","","-0.21%"
"07/03/2003","16,250","16,255","16,303","16,159","","-0.10%"
"07/02/2003","16,266","16,269","16,321","16,232","","0.13%"
"07/01/2003","16,246","16,064","16,369","15,978","","1.24%"
"06/30/2003","16,048","15,962","16,094","15,932","","0.21%"
"06/27/2003","16,014","15,974","16,123","15,881","","0.18%"
"06/26/2003","15,985","16,145","16,224","15,943","","-0.94%"
"06/25/2003","16,136","16,137","16,249","16,119","","0.06%"
"06/24/2003","16,125","16,412","16,639","16,062","","-1.67%"
"06/23/2003","16,398","16,608","16,695","16,305","","-1.07%"
"06/20/2003","16,576","16,811","16,865","16,497","","-1.59%"
"06/19/2003","16,843","16,613","16,865","16,477","","1.40%"
"06/18/2003","16,611","16,867","16,926","16,553","","-1.42%"
"06/17/2003","16,850","16,720","16,969","16,678","","0.77%"
"06/16/2003","16,722","16,652","16,845","16,561","","0.66%"
"06/13/2003","16,613","16,456","16,636","16,368","","1.04%"
"06/12/2003","16,442","16,531","16,588","16,358","","-0.47%"
"06/11/2003","16,520","16,470","16,942","16,401","","0.52%"
"06/10/2003","16,435","16,889","16,932","16,392","","-2.69%"
"06/09/2003","16,889","16,990","17,172","16,870","","-0.68%"
"06/06/2003","17,005","17,182","17,251","16,911","","-1.13%"
"06/05/2003","17,198","16,905","17,263","16,888","","1.93%"
"06/04/2003","16,872","17,114","17,140","16,853","","-1.33%"
"06/03/2003","17,100","17,211","17,264","17,011","","-0.70%"
"06/02/2003","17,220","17,008","17,267","16,926","","0.55%"
"05/30/2003","17,125","17,289","17,331","16,933","","-1.07%"
"05/29/2003","17,311","17,128","17,357","16,917","","1.47%"
"05/28/2003","17,060","17,064","17,202","16,807","","0.05%"
"05/27/2003","17,052","17,359","17,541","17,040","","-1.91%"
"05/26/2003","17,385","17,188","17,386","17,188","","0.90%"
"05/23/2003","17,230","17,259","17,363","17,127","","0.02%"
"05/22/2003","17,226","17,398","17,421","17,151","","-0.85%"
"05/21/2003","17,375","17,246","17,459","17,007","","0.84%"
"05/20/2003","17,229","17,197","17,330","17,080","","0.39%"
"05/19/2003","17,162","16,791","17,162","16,726","","2.96%"
"05/16/2003","16,669","16,531","16,765","16,519","","0.76%"
"05/15/2003","16,543","16,566","16,753","16,505","","-0.18%"
"05/14/2003","16,573","16,468","16,677","16,403","","0.83%"
"05/13/2003","16,437","16,502","16,565","16,411","","-0.53%"
"05/12/2003","16,525","16,439","16,582","16,433","","0.73%"
"05/09/2003","16,405","16,415","16,468","16,336","","-0.13%"
"05/08/2003","16,427","16,194","16,474","16,148","","1.88%"
"05/07/2003","16,124","16,235","16,283","15,994","","-0.65%"
"05/06/2003","16,230","16,131","16,273","16,079","","0.56%"
"05/05/2003","16,140","16,165","16,190","16,098","","0.26%"
"05/02/2003","16,098","16,136","16,223","16,013","","-0.23%"
"05/01/2003","16,136","16,043","16,214","15,975","","0.62%"
"04/30/2003","16,036","15,812","16,048","15,812","","1.57%"
"04/29/2003","15,788","15,763","15,802","15,644","","0.09%"
"04/28/2003","15,774","15,741","15,862","15,574","","0.21%"
"04/25/2003","15,741","15,782","15,827","15,694","","-0.33%"
"04/24/2003","15,793","15,666","15,825","15,648","","0.81%"
"04/23/2003","15,666","15,706","15,879","15,630","","-0.34%"
"04/22/2003","15,719","15,763","15,905","15,708","","-0.29%"
"04/21/2003","15,766","15,443","15,777","15,436","","2.14%"
"04/18/2003","15,436","15,436","15,443","15,436","","-0.03%"
"04/17/2003","15,440","15,437","15,490","15,412","","0.11%"
"04/16/2003","15,423","15,336","15,439","15,253","","0.50%"
"04/15/2003","15,345","15,381","15,407","15,213","","-0.22%"
"04/14/2003","15,379","15,461","15,474","15,343","","-0.77%"
"04/11/2003","15,498","15,415","15,522","15,267","","0.46%"
"04/10/2003","15,427","15,469","15,515","15,330","","-0.24%"
"04/09/2003","15,465","15,285","15,465","15,202","","1.13%"
"04/08/2003","15,292","15,267","15,342","15,121","","0.08%"
"04/07/2003","15,279","15,220","15,289","15,106","","-0.80%"
"04/04/2003","15,402","15,382","15,402","15,255","","0.13%"
"04/03/2003","15,382","15,574","15,574","15,274","","-1.38%"
"04/02/2003","15,597","15,896","15,912","15,467","","-1.80%"
"04/01/2003","15,884","15,996","16,057","15,791","","-0.55%"
"03/31/2003","15,972","15,765","15,972","15,765","","1.51%"
"03/28/2003","15,734","15,611","15,763","15,597","","0.90%"
"03/27/2003","15,595","15,699","15,877","15,557","","-0.51%"
"03/26/2003","15,675","15,617","15,760","15,595","","0.45%"
"03/25/2003","15,605","15,687","15,911","15,553","","-0.62%"
"03/24/2003","15,703","15,612","15,737","15,473","","1.34%"
"03/21/2003","15,495","15,808","15,942","15,481","","-2.05%"
"03/20/2003","15,820","16,017","16,068","15,779","","-1.13%"
"03/19/2003","16,001","16,094","16,215","15,913","","-0.42%"
"03/18/2003","16,068","16,023","16,206","15,888","","0.36%"
"03/17/2003","16,011","15,938","16,442","15,916","","0.16%"
"03/14/2003","15,985","15,885","16,085","15,766","","0.57%"
"03/13/2003","15,895","16,452","16,464","15,757","","-3.28%"
"03/12/2003","16,433","16,649","16,694","16,419","","-1.41%"
"03/11/2003","16,668","16,857","16,900","16,553","","-1.20%"
"03/10/2003","16,869","16,711","16,889","16,711","","1.41%"
"03/07/2003","16,635","16,921","17,002","16,560","","-1.72%"
"03/06/2003","16,925","16,791","16,954","16,757","","0.80%"
"03/05/2003","16,791","16,803","16,984","16,701","","0.21%"
"03/04/2003","16,756","16,641","16,847","16,594","","0.69%"
"03/03/2003","16,641","16,563","16,641","16,400","","0.11%"
"02/28/2003","16,622","16,396","16,684","16,384","","1.23%"
"02/27/2003","16,420","16,862","16,992","16,408","","-2.51%"
"02/26/2003","16,843","16,736","16,915","16,696","","0.70%"
"02/25/2003","16,727","16,999","17,194","16,693","","-1.53%"
"02/24/2003","16,987","16,770","17,037","16,673","","1.66%"
"02/21/2003","16,710","16,774","16,916","16,681","","-0.30%"
"02/20/2003","16,760","16,624","16,878","16,624","","0.69%"
"02/19/2003","16,646","16,382","16,646","16,298","","1.73%"
"02/18/2003","16,363","16,538","16,593","16,327","","-0.92%"
"02/17/2003","16,514","16,727","16,727","16,290","","-1.41%"
"02/14/2003","16,750","17,048","17,110","16,651","","-1.64%"
"02/13/2003","17,030","16,743","17,111","16,654","","1.68%"
"02/12/2003","16,748","17,284","17,388","16,708","","-3.05%"
"02/11/2003","17,275","17,225","17,380","17,168","","0.19%"
"02/10/2003","17,242","17,572","17,774","17,237","","-1.99%"
"02/07/2003","17,591","17,588","17,829","17,477","","-0.19%"
"02/06/2003","17,624","17,593","17,920","17,536","","-0.52%"
"02/05/2003","17,717","18,229","18,544","17,702","","-2.64%"
"02/04/2003","18,198","17,697","18,198","17,697","","2.76%"
"02/03/2003","17,709","17,542","17,749","17,542","","0.75%"
"01/31/2003","17,577","17,668","17,758","17,512","","-0.45%"
"01/30/2003","17,656","17,476","17,663","17,322","","0.92%"
"01/29/2003","17,495","17,665","17,730","17,426","","-0.88%"
"01/28/2003","17,650","17,626","17,678","17,505","","-0.07%"
"01/27/2003","17,662","17,608","17,842","17,565","","0.34%"
"01/24/2003","17,602","17,359","17,676","17,353","","1.35%"
"01/23/2003","17,368","17,279","17,579","17,268","","0.59%"
"01/22/2003","17,267","17,114","17,267","17,099","","0.78%"
"01/21/2003","17,133","17,047","17,133","16,898","","0.53%"
"01/20/2003","17,042","17,063","17,099","17,025","","-0.01%"
"01/17/2003","17,043","17,098","17,155","17,000","","-0.46%"
"01/16/2003","17,122","16,790","17,158","16,770","","2.08%"
"01/15/2003","16,774","16,807","16,930","16,668","","-0.20%"
"01/14/2003","16,807","16,954","16,975","16,791","","-0.87%"
"01/13/2003","16,954","16,909","16,981","16,806","","-0.10%"
"01/10/2003","16,971","16,890","17,040","16,770","","0.48%"
"01/09/2003","16,890","16,921","17,092","16,801","","-0.18%"
"01/08/2003","16,921","16,621","17,019","16,521","","1.80%"
"01/07/2003","16,621","16,821","16,821","16,497","","-1.19%"
"01/06/2003","16,821","16,790","17,095","16,769","","0.02%"
"01/03/2003","16,819","16,555","16,876","16,465","","1.59%"
"01/02/2003","16,555","16,604","16,663","16,420","","-0.31%"
"12/31/2002","16,607","16,440","16,612","16,344","","1.02%"
"12/30/2002","16,440","16,721","16,761","16,380","","-1.65%"
"12/27/2002","16,716","16,747","16,819","16,613","","-0.18%"
"12/26/2002","16,747","16,491","16,783","16,491","","1.40%"
"12/25/2002","16,515","16,587","16,599","16,443","","-0.61%"
"12/24/2002","16,616","16,545","16,704","16,512","","0.31%"
"12/23/2002","16,565","16,296","16,589","16,296","","1.54%"
"12/20/2002","16,313","16,578","16,720","16,279","","-1.51%"
"12/19/2002","16,564","16,529","17,030","16,475","","0.46%"
"12/18/2002","16,488","16,172","16,488","16,140","","1.96%"
"12/17/2002","16,172","16,179","16,424","16,124","","-0.01%"
"12/16/2002","16,174","16,017","16,179","15,967","","1.01%"
"12/13/2002","16,013","15,937","16,153","15,878","","0.47%"
"12/12/2002","15,937","15,597","16,005","15,578","","2.18%"
"12/11/2002","15,597","15,564","15,631","15,520","","0.15%"
"12/10/2002","15,573","15,682","15,725","15,520","","-0.69%"
"12/09/2002","15,682","15,703","15,731","15,621","","-0.08%"
"12/06/2002","15,694","15,624","15,816","15,597","","0.45%"
"12/05/2002","15,624","15,498","15,641","15,449","","0.81%"
"12/04/2002","15,498","15,447","15,560","15,394","","0.33%"
"12/03/2002","15,447","15,312","15,459","15,295","","0.88%"
"12/02/2002","15,312","15,376","15,404","15,226","","-0.47%"
"11/29/2002","15,385","15,315","15,394","15,282","","0.45%"
"11/28/2002","15,317","15,270","15,334","15,243","","0.29%"
"11/27/2002","15,272","15,304","15,362","15,205","","-0.21%"
"11/26/2002","15,304","15,298","15,369","15,263","","0.04%"
"11/25/2002","15,298","15,398","15,472","15,252","","-0.90%"
"11/22/2002","15,437","15,270","15,495","15,223","","1.09%"
"11/21/2002","15,270","15,292","15,352","15,253","","-0.15%"
"11/20/2002","15,292","15,332","15,422","15,273","","-0.33%"
"11/19/2002","15,344","15,358","15,419","15,322","","-0.09%"
"11/18/2002","15,358","15,408","15,440","15,298","","-0.37%"
"11/15/2002","15,416","15,329","15,438","15,305","","0.57%"
"11/14/2002","15,329","15,369","15,404","15,267","","-0.23%"
"11/13/2002","15,364","15,626","15,667","15,270","","-1.68%"
"11/12/2002","15,626","15,478","15,636","15,447","","0.91%"
"11/11/2002","15,485","15,481","15,500","15,406","","0.01%"
"11/08/2002","15,483","15,473","15,589","15,421","","0.04%"
"11/07/2002","15,478","15,342","15,485","15,337","","0.79%"
"11/06/2002","15,356","15,319","15,361","15,284","","0.24%"
"11/05/2002","15,319","15,361","15,438","15,319","","-0.18%"
"11/04/2002","15,347","15,393","15,393","15,279","","-0.66%"
"11/01/2002","15,448","15,335","15,506","15,325","","0.74%"
"10/31/2002","15,335","15,273","15,351","15,250","","0.37%"
"10/30/2002","15,278","15,290","15,346","15,247","","-0.21%"
"10/29/2002","15,309","15,250","15,367","15,245","","0.41%"
"10/28/2002","15,247","15,148","15,247","15,118","","0.64%"
"10/25/2002","15,150","15,054","15,174","15,046","","0.69%"
"10/24/2002","15,047","15,063","15,096","14,921","","-0.04%"
"10/23/2002","15,053","15,091","15,165","15,048","","-0.33%"
"10/22/2002","15,103","15,015","15,134","15,005","","0.65%"
"10/21/2002","15,005","15,111","15,173","14,967","","-0.70%"
"10/18/2002","15,111","15,042","15,143","15,015","","0.49%"
"10/17/2002","15,037","15,169","15,227","14,950","","-0.97%"
"10/16/2002","15,184","15,130","15,213","15,115","","0.44%"
"10/15/2002","15,117","15,342","15,387","15,067","","-1.40%"
"10/14/2002","15,332","15,318","15,394","15,307","","0.38%"
"10/11/2002","15,274","15,293","15,372","15,245","","-0.07%"
"10/10/2002","15,285","15,440","15,484","15,257","","-0.94%"
"10/09/2002","15,430","15,366","15,446","15,350","","0.48%"
"10/08/2002","15,356","15,557","15,564","15,354","","-1.29%"
"10/07/2002","15,557","15,570","15,623","15,506","","0.07%"
"10/04/2002","15,546","15,505","15,597","15,416","","0.19%"
"10/03/2002","15,517","15,574","15,680","15,488","","-0.45%"
"10/02/2002","15,588","15,443","15,588","15,443","","0.84%"
"10/01/2002","15,458","15,620","15,639","15,458","","-1.07%"
"09/30/2002","15,625","15,487","15,676","15,475","","1.19%"
"09/27/2002","15,442","15,461","15,529","15,398","","-0.06%"
"09/26/2002","15,451","15,567","15,642","15,393","","-0.71%"
"09/25/2002","15,562","15,752","15,787","15,562","","-1.18%"
"09/24/2002","15,748","15,575","15,825","15,575","","1.09%"
"09/23/2002","15,578","15,596","15,680","15,553","","0.07%"
"09/20/2002","15,567","15,604","15,669","15,485","","-0.31%"
"09/19/2002","15,616","15,480","15,631","15,439","","0.93%"
"09/18/2002","15,473","15,363","15,514","15,320","","0.60%"
"09/17/2002","15,380","15,248","15,380","15,144","","0.32%"
"09/16/2002","15,330","15,294","15,369","15,224","","0.11%"
"09/13/2002","15,314","15,426","15,478","15,261","","-0.85%"
"09/12/2002","15,445","15,341","15,477","15,312","","0.58%"
"09/11/2002","15,356","15,364","15,386","15,220","","-0.11%"
"09/10/2002","15,373","15,531","15,544","15,359","","-1.09%"
"09/09/2002","15,543","15,501","15,688","15,462","","0.21%"
"09/06/2002","15,510","15,428","15,569","15,386","","0.46%"
"09/05/2002","15,440","15,216","15,440","15,166","","1.50%"
"09/04/2002","15,211","15,173","15,269","15,119","","0.12%"
"09/03/2002","15,193","15,091","15,222","15,052","","0.61%"
"09/02/2002","15,101","15,126","15,162","15,091","","-0.20%"
"08/30/2002","15,131","15,210","15,230","15,107","","-0.44%"
"08/29/2002","15,198","15,004","15,198","14,982","","1.33%"
"08/28/2002","14,999","15,120","15,136","14,970","","-0.89%"
"08/27/2002","15,134","14,974","15,156","14,926","","1.03%"
"08/26/2002","14,981","14,891","15,041","14,857","","0.80%"
"08/23/2002","14,862","14,860","14,895","14,734","","-0.02%"
"08/22/2002","14,865","14,906","14,913","14,763","","-0.33%"
"08/21/2002","14,914","14,979","15,029","14,841","","-0.40%"
"08/20/2002","14,974","14,883","15,017","14,865","","0.71%"
"08/19/2002","14,868","15,227","15,232","14,766","","-2.29%"
"08/16/2002","15,217","15,285","15,311","15,144","","-0.28%"
"08/15/2002","15,260","15,107","15,328","15,105","","0.98%"
"08/14/2002","15,112","15,296","15,424","15,088","","-1.25%"
"08/13/2002","15,303","15,242","15,303","15,206","","0.40%"
"08/12/2002","15,242","15,226","15,435","15,208","","-0.17%"
"08/09/2002","15,268","15,089","15,297","14,997","","1.25%"
"08/08/2002","15,079","15,265","15,280","15,072","","-1.12%"
"08/07/2002","15,251","14,881","15,282","14,876","","2.45%"
"08/06/2002","14,886","14,926","14,961","14,798","","-0.46%"
"08/05/2002","14,955","14,923","15,045","14,899","","0.22%"
"08/02/2002","14,921","14,756","14,955","14,756","","0.90%"
"08/01/2002","14,788","14,747","14,822","14,499","","0.34%"
"07/31/2002","14,737","14,823","14,888","14,677","","-0.50%"
"07/30/2002","14,811","14,720","14,867","14,720","","0.69%"
"07/29/2002","14,710","14,762","14,778","14,681","","-0.29%"
"07/26/2002","14,753","15,079","15,131","14,653","","-2.10%"
"07/25/2002","15,069","15,118","15,187","15,018","","-0.16%"
"07/24/2002","15,093","15,225","15,276","14,948","","-0.82%"
"07/23/2002","15,218","15,693","15,695","15,135","","-3.07%"
"07/22/2002","15,700","15,813","15,862","15,659","","-0.30%"
"07/19/2002","15,748","15,467","15,811","15,467","","1.80%"
"07/18/2002","15,470","15,465","15,497","15,418","","0.06%"
"07/17/2002","15,461","15,477","15,536","15,373","","-0.23%"
"07/16/2002","15,496","15,493","15,652","15,428","","-0.01%"
"07/15/2002","15,498","15,389","15,615","15,389","","0.78%"
"07/12/2002","15,377","15,397","15,455","15,336","","-0.21%"
"07/11/2002","15,409","15,366","15,488","15,274","","0.11%"
"07/10/2002","15,393","15,405","15,465","15,303","","-0.14%"
"07/09/2002","15,415","15,224","15,444","15,163","","1.17%"
"07/08/2002","15,236","15,156","15,279","15,113","","0.39%"
"07/05/2002","15,177","15,147","15,201","15,138","","0.24%"
"07/04/2002","15,140","15,153","15,179","15,128","","-0.08%"
"07/03/2002","15,153","15,255","15,317","15,119","","-0.66%"
"07/02/2002","15,253","15,347","15,401","15,246","","-0.66%"
"07/01/2002","15,355","15,314","15,355","15,184","","0.10%"
"06/28/2002","15,339","15,511","15,659","15,307","","-1.08%"
"06/27/2002","15,506","15,572","15,638","15,420","","-0.33%"
"06/26/2002","15,558","15,692","15,907","15,558","","-0.78%"
"06/25/2002","15,679","15,746","15,812","15,508","","-0.30%"
"06/24/2002","15,727","15,864","15,976","15,717","","-0.76%"
"06/21/2002","15,847","15,780","15,876","15,735","","0.25%"
"06/20/2002","15,807","15,658","15,834","15,634","","0.95%"
"06/19/2002","15,658","15,640","15,765","15,582","","0.15%"
"06/18/2002","15,635","15,503","15,642","15,493","","0.82%"
"06/17/2002","15,508","15,609","15,622","15,505","","-0.69%"
"06/14/2002","15,616","15,563","15,800","15,558","","0.37%"
"06/13/2002","15,558","15,611","15,644","15,497","","-0.26%"
"06/12/2002","15,599","15,690","15,736","15,587","","-0.61%"
"06/11/2002","15,695","15,591","15,702","15,438","","0.63%"
"06/10/2002","15,596","15,826","15,862","15,532","","-1.59%"
"06/07/2002","15,848","15,932","16,040","15,826","","-0.37%"
"06/06/2002","15,907","15,728","15,932","15,714","","1.19%"
"06/05/2002","15,720","15,893","15,993","15,664","","-0.92%"
"06/04/2002","15,866","16,057","16,229","15,866","","-1.17%"
"06/03/2002","16,055","15,976","16,077","15,901","","0.50%"
"05/31/2002","15,976","15,878","16,157","15,841","","0.54%"
"05/30/2002","15,890","15,884","15,978","15,818","","-0.01%"
"05/29/2002","15,891","15,855","16,008","15,794","","0.23%"
"05/28/2002","15,855","15,650","15,938","15,642","","1.32%"
"05/27/2002","15,648","15,689","15,746","15,646","","-0.15%"
"05/24/2002","15,672","15,732","15,744","15,620","","-0.54%"
"05/23/2002","15,756","15,531","15,847","15,438","","1.41%"
"05/22/2002","15,536","15,453","15,652","15,453","","0.55%"
"05/21/2002","15,451","15,447","15,505","15,353","","0.02%"
"05/20/2002","15,447","15,213","15,491","15,190","","1.57%"
"05/17/2002","15,208","15,145","15,274","15,125","","0.33%"
"05/16/2002","15,157","15,113","15,248","15,091","","0.30%"
"05/15/2002","15,113","15,043","15,118","14,985","","0.50%"
"05/14/2002","15,038","15,198","15,198","15,004","","-1.03%"
"05/13/2002","15,195","15,211","15,269","15,124","","-0.06%"
"05/10/2002","15,204","15,156","15,253","15,134","","0.53%"
"05/09/2002","15,124","15,076","15,156","15,054","","0.50%"
"05/08/2002","15,050","15,210","15,287","15,042","","-1.09%"
"05/07/2002","15,215","15,272","15,354","15,105","","-0.38%"
"05/06/2002","15,272","15,244","15,302","15,162","","0.20%"
"05/03/2002","15,242","15,028","15,311","15,009","","1.37%"
"05/02/2002","15,036","15,084","15,104","14,985","","-0.29%"
"05/01/2002","15,080","15,067","15,182","15,006","","0.13%"
"04/30/2002","15,060","15,226","15,226","14,996","","-0.91%"
"04/29/2002","15,199","15,195","15,254","15,123","","-0.07%"
"04/26/2002","15,210","15,017","15,229","14,951","","1.18%"
"04/25/2002","15,032","14,861","15,103","14,861","","1.19%"
"04/24/2002","14,856","14,834","14,969","14,832","","0.11%"
"04/23/2002","14,839","14,789","14,883","14,761","","0.37%"
"04/22/2002","14,785","14,761","14,860","14,746","","0.24%"
"04/19/2002","14,749","14,825","14,847","14,692","","-0.45%"
"04/18/2002","14,815","14,756","14,932","14,722","","0.47%"
"04/17/2002","14,746","14,555","14,775","14,553","","1.17%"
"04/16/2002","14,575","14,653","14,658","14,526","","-0.43%"
"04/15/2002","14,639","14,712","14,797","14,629","","-0.72%"
"04/12/2002","14,745","14,754","14,769","14,662","","-0.01%"
"04/11/2002","14,747","14,697","14,796","14,692","","0.21%"
"04/10/2002","14,716","14,563","14,736","14,493","","1.05%"
"04/09/2002","14,563","14,663","14,668","14,548","","-0.58%"
"04/08/2002","14,648","14,620","14,692","14,554","","0.20%"
"04/05/2002","14,618","14,683","14,726","14,531","","-0.36%"
"04/04/2002","14,670","14,755","14,791","14,583","","-0.64%"
"04/03/2002","14,765","14,898","14,968","14,678","","-0.89%"
"04/02/2002","14,898","14,770","14,937","14,735","","0.87%"
"04/01/2002","14,770","14,717","14,770","14,653","","0.22%"
"03/29/2002","14,738","14,736","14,765","14,704","","0.02%"
"03/28/2002","14,736","14,712","14,844","14,634","","0.17%"
"03/27/2002","14,712","14,429","14,765","14,414","","1.96%"
"03/26/2002","14,429","14,513","14,519","14,390","","-0.58%"
"03/25/2002","14,513","14,449","14,537","14,444","","0.17%"
"03/22/2002","14,488","14,219","14,488","14,219","","1.61%"
"03/21/2002","14,258","14,219","14,283","14,197","","0.28%"
"03/20/2002","14,219","14,248","14,263","14,182","","-0.19%"
"03/19/2002","14,245","14,222","14,302","14,202","","0.18%"
"03/18/2002","14,220","14,108","14,232","14,108","","0.90%"
"03/15/2002","14,093","14,149","14,199","14,059","","-0.40%"
"03/14/2002","14,149","14,266","14,289","14,129","","-0.82%"
"03/13/2002","14,266","14,287","14,338","14,237","","-0.14%"
"03/12/2002","14,287","14,141","14,326","14,132","","1.03%"
"03/11/2002","14,141","14,082","14,263","14,077","","0.38%"
"03/08/2002","14,087","14,111","14,116","13,987","","-0.17%"
"03/07/2002","14,111","14,255","14,262","14,077","","-0.96%"
"03/06/2002","14,248","14,280","14,336","14,233","","-0.22%"
"03/05/2002","14,280","14,421","14,503","14,280","","-0.98%"
"03/04/2002","14,421","14,491","14,600","14,421","","-0.52%"
"03/01/2002","14,496","14,418","14,564","14,350","","0.40%"
"02/28/2002","14,437","14,408","14,491","14,386","","0.17%"
"02/27/2002","14,413","14,473","14,585","14,374","","-0.42%"
"02/26/2002","14,473","14,241","14,488","14,211","","1.63%"
"02/25/2002","14,241","14,238","14,261","14,153","","-0.01%"
"02/22/2002","14,242","14,213","14,346","14,211","","0.21%"
"02/21/2002","14,213","14,135","14,251","14,081","","0.55%"
"02/20/2002","14,135","14,224","14,293","14,091","","-0.59%"
"02/19/2002","14,219","14,456","14,481","14,182","","-1.56%"
"02/18/2002","14,444","14,510","14,546","14,407","","-0.16%"
"02/15/2002","14,466","14,559","14,656","14,462","","-0.70%"
"02/14/2002","14,568","14,531","14,604","14,476","","0.25%"
"02/13/2002","14,531","14,577","14,601","14,342","","-0.31%"
"02/12/2002","14,577","14,537","14,671","14,426","","0.11%"
"02/11/2002","14,561","14,716","14,772","14,454","","-1.28%"
"02/08/2002","14,750","14,610","14,965","14,610","","1.19%"
"02/07/2002","14,576","14,408","14,695","14,364","","1.17%"
"02/06/2002","14,408","14,456","14,835","14,344","","-0.33%"
"02/05/2002","14,456","14,048","14,499","14,048","","2.90%"
"02/04/2002","14,048","13,877","14,048","13,821","","1.38%"
"02/01/2002","13,857","13,680","13,862","13,656","","1.36%"
"01/31/2002","13,671","13,648","13,729","13,622","","0.17%"
"01/30/2002","13,648","13,610","13,770","13,590","","0.28%"
"01/29/2002","13,610","13,458","13,624","13,400","","1.13%"
"01/28/2002","13,458","13,475","13,528","13,429","","-0.16%"
"01/25/2002","13,480","13,440","13,505","13,373","","0.30%"
"01/24/2002","13,440","13,439","13,501","13,378","","0.00%"
"01/23/2002","13,439","13,557","13,625","13,411","","-0.91%"
"01/22/2002","13,562","13,598","13,695","13,486","","-0.27%"
"01/21/2002","13,598","13,649","13,674","13,591","","-0.35%"
"01/18/2002","13,647","13,704","13,745","13,618","","-0.42%"
"01/17/2002","13,704","13,848","13,939","13,687","","-1.04%"
"01/16/2002","13,848","13,711","13,956","13,655","","1.03%"
"01/15/2002","13,706","13,759","13,778","13,634","","-0.38%"
"01/14/2002","13,759","13,878","13,885","13,735","","-0.93%"
"01/11/2002","13,888","13,851","13,936","13,796","","0.34%"
"01/10/2002","13,841","13,651","13,977","13,637","","1.39%"
"01/09/2002","13,651","13,438","13,714","13,436","","1.58%"
"01/08/2002","13,438","13,418","13,460","13,400","","0.17%"
"01/07/2002","13,415","13,425","13,514","13,380","","-0.09%"
"01/04/2002","13,428","13,409","13,467","13,371","","0.18%"
"01/03/2002","13,404","13,420","13,490","13,336","","-0.09%"
"01/02/2002","13,415","13,447","13,449","13,383","","-0.07%"
"12/31/2001","13,425","13,298","13,425","13,296","","0.83%"
"12/28/2001","13,315","13,314","13,417","13,259","","-0.01%"
"12/27/2001","13,317","13,350","13,483","13,302","","-0.25%"
"12/26/2001","13,350","13,351","13,388","13,312","","-0.06%"
"12/25/2001","13,359","13,278","13,403","13,278","","0.50%"
"12/24/2001","13,293","13,248","13,346","13,248","","0.17%"
"12/21/2001","13,270","13,174","13,352","13,172","","0.77%"
"12/20/2001","13,169","13,158","13,219","13,150","","0.14%"
"12/19/2001","13,151","13,387","13,394","13,122","","-1.69%"
"12/18/2001","13,378","13,273","13,421","13,263","","0.90%"
"12/17/2001","13,258","13,297","13,304","13,213","","-0.22%"
"12/14/2001","13,287","13,090","13,335","13,086","","1.57%"
"12/13/2001","13,081","13,081","13,135","13,066","","0.00%"
"12/12/2001","13,081","13,026","13,090","13,008","","0.53%"
"12/11/2001","13,012","13,024","13,045","12,966","","-0.02%"
"12/10/2001","13,015","13,126","13,128","12,953","","-0.66%"
"12/07/2001","13,101","13,116","13,157","13,062","","-0.08%"
"12/06/2001","13,112","13,103","13,168","13,064","","0.06%"
"12/05/2001","13,103","13,177","13,216","13,080","","-0.56%"
"12/04/2001","13,177","13,249","13,278","13,165","","-0.65%"
"12/03/2001","13,263","13,163","13,294","13,142","","1.04%"
"11/30/2001","13,126","13,108","13,203","13,108","","0.25%"
"11/29/2001","13,094","13,140","13,202","13,094","","-0.35%"
"11/28/2001","13,140","13,101","13,198","13,099","","0.30%"
"11/27/2001","13,101","13,086","13,122","13,058","","0.12%"
"11/26/2001","13,086","13,092","13,114","13,052","","-0.01%"
"11/23/2001","13,087","13,079","13,213","13,067","","0.06%"
"11/22/2001","13,079","13,080","13,126","13,055","","-0.08%"
"11/21/2001","13,090","13,085","13,123","13,032","","0.02%"
"11/20/2001","13,087","13,065","13,136","13,051","","0.17%"
"11/19/2001","13,065","13,162","13,208","13,034","","-0.74%"
"11/16/2001","13,162","13,176","13,218","13,118","","-0.11%"
"11/15/2001","13,176","13,304","13,349","13,152","","-0.96%"
"11/14/2001","13,304","13,313","13,409","13,273","","-0.14%"
"11/13/2001","13,323","13,327","13,411","13,241","","-0.03%"
"11/12/2001","13,327","13,301","13,490","13,263","","0.27%"
"11/09/2001","13,292","13,259","13,329","13,259","","-0.11%"
"11/08/2001","13,307","13,436","13,471","13,254","","-0.94%"
"11/07/2001","13,433","13,447","13,467","13,390","","0.20%"
"11/06/2001","13,406","13,355","13,421","13,332","","0.42%"
"11/05/2001","13,351","13,420","13,420","13,303","","-0.43%"
"11/02/2001","13,409","13,412","13,455","13,390","","-0.02%"
"11/01/2001","13,412","13,390","13,474","13,340","","0.13%"
"10/31/2001","13,394","13,432","13,502","13,327","","-0.23%"
"10/30/2001","13,425","13,365","13,483","13,365","","0.56%"
"10/29/2001","13,351","13,309","13,375","13,278","","0.54%"
"10/26/2001","13,279","13,261","13,307","13,245","","-0.05%"
"10/25/2001","13,285","13,212","13,299","13,182","","0.61%"
"10/24/2001","13,204","13,228","13,267","13,190","","-0.08%"
"10/23/2001","13,214","13,214","13,239","13,160","","0.10%"
"10/22/2001","13,201","13,391","13,391","13,186","","-1.53%"
"10/19/2001","13,406","13,386","13,425","13,312","","0.07%"
"10/18/2001","13,396","13,553","13,611","13,319","","-1.00%"
"10/17/2001","13,532","13,488","13,579","13,469","","0.39%"
"10/16/2001","13,479","13,499","13,545","13,440","","-0.08%"
"10/15/2001","13,489","13,635","13,707","13,475","","-1.06%"
"10/12/2001","13,633","13,536","13,652","13,485","","1.10%"
"10/11/2001","13,485","13,677","13,677","13,437","","-1.27%"
"10/10/2001","13,658","13,868","13,883","13,610","","-1.26%"
"10/09/2001","13,832","14,015","14,038","13,825","","-1.36%"
"10/08/2001","14,023","14,028","14,123","13,953","","0.58%"
"10/05/2001","13,942","13,891","14,022","13,891","","0.42%"
"10/04/2001","13,883","13,820","13,955","13,796","","0.31%"
"10/03/2001","13,841","13,876","13,938","13,827","","-0.15%"
"10/02/2001","13,861","13,979","14,030","13,823","","-0.77%"
"10/01/2001","13,969","13,975","14,019","13,919","","-0.07%"
"09/28/2001","13,979","13,913","14,037","13,843","","0.34%"
"09/27/2001","13,932","13,973","13,999","13,800","","-0.38%"
"09/26/2001","13,984","13,793","14,028","13,793","","1.12%"
"09/25/2001","13,829","13,832","13,877","13,712","","-0.02%"
"09/24/2001","13,832","13,950","14,034","13,725","","-1.00%"
"09/21/2001","13,972","13,828","14,130","13,804","","1.08%"
"09/20/2001","13,823","13,908","13,930","13,794","","-0.58%"
"09/19/2001","13,904","13,765","13,956","13,717","","0.92%"
"09/18/2001","13,777","13,814","13,879","13,668","","-0.28%"
"09/17/2001","13,815","13,704","14,115","13,591","","1.41%"
"09/14/2001","13,623","13,297","13,790","13,258","","2.09%"
"09/13/2001","13,345","13,127","13,345","13,080","","1.29%"
"09/12/2001","13,174","13,734","13,734","13,056","","-2.74%"
"09/11/2001","13,545","12,820","13,725","12,820","","5.52%"
"09/10/2001","12,837","12,873","12,942","12,778","","-0.28%"
"09/07/2001","12,873","12,847","12,955","12,817","","0.20%"
"09/06/2001","12,847","12,792","12,883","12,769","","0.37%"
"09/05/2001","12,799","12,802","12,835","12,759","","-0.06%"
"09/04/2001","12,807","12,865","12,872","12,770","","-0.49%"
"09/03/2001","12,870","12,897","12,911","12,870","","-0.28%"
"08/31/2001","12,907","12,953","13,008","12,818","","-0.31%"
"08/30/2001","12,947","12,862","12,966","12,806","","0.59%"
"08/29/2001","12,871","12,823","12,899","12,809","","0.49%"
"08/28/2001","12,809","12,832","12,832","12,728","","-0.22%"
"08/27/2001","12,837","12,827","12,861","12,767","","0.04%"
"08/24/2001","12,831","12,949","12,983","12,794","","-0.98%"
"08/23/2001","12,958","12,914","12,984","12,897","","0.34%"
"08/22/2001","12,914","12,947","13,079","12,909","","-0.18%"
"08/21/2001","12,938","12,989","13,071","12,886","","-0.36%"
"08/20/2001","12,984","13,109","13,163","12,974","","-1.13%"
"08/17/2001","13,133","12,927","13,222","12,927","","1.44%"
"08/16/2001","12,946","12,974","13,022","12,927","","-0.25%"
"08/15/2001","12,979","12,993","13,071","12,918","","-0.15%"
"08/14/2001","12,998","12,968","13,017","12,864","","0.12%"
"08/13/2001","12,982","12,885","13,010","12,885","","0.66%"
"08/10/2001","12,897","12,853","13,029","12,833","","0.23%"
"08/09/2001","12,867","12,627","12,891","12,608","","1.92%"
"08/08/2001","12,625","12,577","12,644","12,525","","0.30%"
"08/07/2001","12,587","12,584","12,601","12,521","","-0.02%"
"08/06/2001","12,589","12,639","12,653","12,560","","-0.28%"
"08/03/2001","12,624","12,591","12,657","12,539","","0.30%"
"08/02/2001","12,586","12,589","12,643","12,553","","0.05%"
"08/01/2001","12,579","12,537","12,641","12,537","","0.22%"
"07/31/2001","12,552","12,484","12,618","12,472","","0.58%"
"07/30/2001","12,479","12,601","12,620","12,465","","-0.97%"
"07/27/2001","12,601","12,542","12,606","12,502","","0.51%"
"07/26/2001","12,537","12,597","12,649","12,505","","-0.55%"
"07/25/2001","12,606","12,685","12,694","12,567","","-0.63%"
"07/24/2001","12,685","12,650","12,704","12,619","","0.34%"
"07/23/2001","12,643","12,702","12,712","12,633","","-0.48%"
"07/20/2001","12,704","12,659","12,743","12,643","","0.28%"
"07/19/2001","12,669","12,724","12,801","12,589","","-0.54%"
"07/18/2001","12,738","12,622","12,741","12,614","","0.92%"
"07/17/2001","12,622","12,576","12,622","12,542","","0.40%"
"07/16/2001","12,571","12,581","12,670","12,552","","-0.10%"
"07/13/2001","12,583","12,568","12,602","12,527","","0.21%"
"07/12/2001","12,557","12,623","12,650","12,505","","-0.71%"
"07/11/2001","12,646","12,544","12,698","12,524","","0.92%"
"07/10/2001","12,531","12,545","12,609","12,526","","-0.11%"
"07/09/2001","12,545","12,543","12,586","12,498","","0.19%"
"07/06/2001","12,521","12,490","12,568","12,445","","0.32%"
"07/05/2001","12,481","12,589","12,629","12,462","","-0.93%"
"07/04/2001","12,598","12,579","12,642","12,570","","-0.02%"
"07/03/2001","12,601","12,679","12,694","12,575","","-0.54%"
"07/02/2001","12,669","12,713","12,723","12,599","","-0.36%"
"06/29/2001","12,716","12,639","12,779","12,635","","0.62%"
"06/28/2001","12,637","12,779","12,786","12,557","","-1.00%"
"06/27/2001","12,765","12,978","13,033","12,721","","-1.53%"
"06/26/2001","12,964","12,848","13,095","12,828","","0.84%"
"06/25/2001","12,855","12,785","12,909","12,782","","0.58%"
"06/22/2001","12,782","12,777","12,937","12,747","","-0.11%"
"06/21/2001","12,796","12,774","12,871","12,723","","0.14%"
"06/20/2001","12,778","12,823","12,859","12,701","","-0.39%"
"06/19/2001","12,828","12,772","12,894","12,762","","0.26%"
"06/18/2001","12,795","12,749","12,861","12,708","","0.60%"
"06/15/2001","12,719","12,933","12,968","12,665","","-1.65%"
"06/14/2001","12,933","12,795","12,999","12,711","","1.04%"
"06/13/2001","12,800","12,765","12,847","12,640","","0.32%"
"06/12/2001","12,760","12,563","12,802","12,531","","1.55%"
"06/11/2001","12,566","12,800","12,809","12,482","","-1.86%"
"06/08/2001","12,804","12,485","12,869","12,482","","2.55%"
"06/07/2001","12,485","12,498","12,516","12,443","","0.02%"
"06/06/2001","12,483","12,467","12,560","12,429","","-0.10%"
"06/05/2001","12,496","12,473","12,520","12,425","","0.30%"
"06/04/2001","12,459","12,522","12,572","12,449","","-0.52%"
"06/01/2001","12,524","12,472","12,566","12,442","","0.36%"
"05/31/2001","12,479","12,487","12,597","12,458","","0.11%"
"05/30/2001","12,466","12,837","12,905","12,414","","-2.89%"
"05/29/2001","12,837","13,021","13,061","12,805","","-1.39%"
"05/28/2001","13,018","13,009","13,052","12,950","","0.02%"
"05/25/2001","13,016","13,079","13,206","12,896","","-0.54%"
"05/24/2001","13,086","13,299","13,484","12,927","","-1.62%"
"05/23/2001","13,302","13,395","13,395","13,231","","-0.61%"
"05/22/2001","13,384","13,381","13,407","13,215","","0.05%"
"05/21/2001","13,376","13,408","13,434","13,238","","-0.23%"
"05/18/2001","13,408","12,813","13,455","12,756","","4.63%"
"05/17/2001","12,815","12,739","12,874","12,735","","0.54%"
"05/16/2001","12,746","12,592","12,767","12,569","","1.24%"
"05/15/2001","12,590","12,581","12,603","12,493","","0.03%"
"05/14/2001","12,586","12,552","12,619","12,510","","0.36%"
"05/11/2001","12,541","12,577","12,635","12,529","","-0.27%"
"05/10/2001","12,575","12,605","12,659","12,531","","-0.29%"
"05/09/2001","12,612","12,385","12,654","12,383","","1.87%"
"05/08/2001","12,380","12,427","12,439","12,374","","-0.41%"
"05/07/2001","12,431","12,443","12,462","12,400","","-0.02%"
"05/04/2001","12,434","12,429","12,504","12,401","","-0.02%"
"05/03/2001","12,436","12,394","12,502","12,384","","0.30%"
"05/02/2001","12,399","12,362","12,436","12,329","","0.31%"
"05/01/2001","12,360","12,334","12,377","12,324","","0.14%"
"04/30/2001","12,343","12,352","12,355","12,299","","0.00%"
"04/27/2001","12,343","12,353","12,487","12,332","","-0.04%"
"04/26/2001","12,348","12,270","12,367","12,261","","0.73%"
"04/25/2001","12,258","12,361","12,385","12,233","","-0.74%"
"04/24/2001","12,350","12,305","12,385","12,284","","0.32%"
"04/23/2001","12,310","12,345","12,391","12,258","","-0.43%"
"04/20/2001","12,363","12,402","12,426","12,300","","-0.41%"
"04/19/2001","12,414","12,210","12,414","12,196","","1.63%"
"04/18/2001","12,215","12,203","12,257","12,084","","0.07%"
"04/17/2001","12,206","12,337","12,413","12,153","","-1.27%"
"04/16/2001","12,363","12,171","12,400","12,152","","1.66%"
"04/13/2001","12,161","12,161","12,165","12,119","","-0.02%"
"04/12/2001","12,163","12,056","12,188","12,039","","0.93%"
"04/11/2001","12,051","11,955","12,098","11,937","","0.70%"
"04/10/2001","11,967","11,988","12,059","11,914","","-0.35%"
"04/09/2001","12,009","12,091","12,151","11,995","","-0.60%"
"04/06/2001","12,082","12,019","12,107","11,979","","0.52%"
"04/05/2001","12,019","12,040","12,060","11,979","","-0.08%"
"04/04/2001","12,028","11,976","12,121","11,976","","0.55%"
"04/03/2001","11,962","11,896","12,032","11,895","","0.61%"
"04/02/2001","11,889","12,005","12,033","11,850","","-0.93%"
"03/30/2001","12,001","12,057","12,088","11,969","","-0.42%"
"03/29/2001","12,052","12,101","12,154","12,031","","-0.34%"
"03/28/2001","12,094","12,139","12,195","12,070","","-0.58%"
"03/27/2001","12,164","12,219","12,275","12,150","","-0.52%"
"03/26/2001","12,228","12,210","12,256","12,158","","0.11%"
"03/23/2001","12,214","12,214","12,295","12,184","","0.02%"
"03/22/2001","12,211","12,255","12,290","12,169","","-0.42%"
"03/21/2001","12,262","12,194","12,276","12,149","","0.56%"
"03/20/2001","12,194","12,154","12,302","12,144","","0.41%"
"03/19/2001","12,145","12,061","12,210","12,059","","0.74%"
"03/16/2001","12,056","12,139","12,201","12,038","","-0.60%"
"03/15/2001","12,129","12,284","12,286","12,088","","-0.96%"
"03/14/2001","12,247","12,502","12,577","12,237","","-1.68%"
"03/13/2001","12,456","12,667","12,675","12,451","","-1.63%"
"03/12/2001","12,662","12,640","12,778","12,522","","0.17%"
"03/09/2001","12,640","12,408","12,654","12,366","","2.18%"
"03/08/2001","12,370","12,184","12,394","12,179","","1.56%"
"03/07/2001","12,180","12,098","12,223","12,073","","0.64%"
"03/06/2001","12,103","12,219","12,230","12,061","","-0.91%"
"03/05/2001","12,214","12,212","12,258","12,156","","0.09%"
"03/02/2001","12,204","12,311","12,336","12,185","","-1.09%"
"03/01/2001","12,338","12,429","12,447","12,315","","-0.60%"
"02/28/2001","12,413","12,477","12,477","12,304","","-0.59%"
"02/27/2001","12,486","12,423","12,542","12,414","","0.57%"
"02/26/2001","12,416","12,170","12,425","12,170","","2.09%"
"02/23/2001","12,161","12,023","12,175","12,020","","1.07%"
"02/22/2001","12,032","12,033","12,125","11,976","","0.07%"
"02/21/2001","12,024","11,916","12,066","11,894","","0.90%"
"02/20/2001","11,917","12,057","12,084","11,909","","-1.25%"
"02/19/2001","12,067","12,015","12,124","12,015","","0.36%"
"02/16/2001","12,024","11,890","12,052","11,806","","1.09%"
"02/15/2001","11,895","12,077","12,128","11,858","","-1.57%"
"02/14/2001","12,084","12,109","12,159","12,084","","-0.32%"
"02/13/2001","12,123","12,133","12,180","12,081","","-0.05%"
"02/12/2001","12,128","12,129","12,175","12,088","","0.38%"
"02/09/2001","12,083","12,079","12,130","12,020","","0.01%"
"02/08/2001","12,081","12,203","12,223","12,060","","-0.93%"
"02/07/2001","12,195","12,205","12,251","12,173","","-0.05%"
"02/06/2001","12,201","12,292","12,376","12,141","","-0.78%"
"02/05/2001","12,297","12,393","12,393","12,283","","-0.73%"
"02/02/2001","12,387","12,424","12,454","12,348","","-0.52%"
"02/01/2001","12,452","12,322","12,452","12,308","","1.13%"
"01/31/2001","12,313","12,320","12,362","12,231","","-0.01%"
"01/30/2001","12,313","12,206","12,357","12,190","","0.87%"
"01/29/2001","12,206","12,240","12,256","12,179","","0.04%"
"01/26/2001","12,202","12,292","12,319","12,160","","-0.72%"
"01/25/2001","12,290","12,258","12,322","12,209","","0.26%"
"01/24/2001","12,258","12,327","12,359","12,207","","-0.56%"
"01/23/2001","12,327","12,376","12,466","12,278","","-0.19%"
"01/22/2001","12,351","12,286","12,425","12,285","","0.77%"
"01/19/2001","12,256","12,259","12,360","12,238","","-0.12%"
"01/18/2001","12,271","12,223","12,295","12,209","","0.43%"
"01/17/2001","12,219","12,245","12,270","12,179","","-0.14%"
"01/16/2001","12,236","12,240","12,336","12,200","","-0.04%"
"01/15/2001","12,240","12,290","12,297","12,226","","-0.27%"
"01/12/2001","12,273","12,297","12,371","12,241","","-0.13%"
"01/11/2001","12,290","12,325","12,412","12,253","","-0.25%"
"01/10/2001","12,320","12,448","12,473","12,320","","-1.14%"
"01/09/2001","12,462","12,508","12,527","12,420","","-0.33%"
"01/08/2001","12,504","12,510","12,577","12,448","","0.07%"
"01/05/2001","12,495","12,478","12,544","12,439","","0.14%"
"01/04/2001","12,478","12,488","12,557","12,440","","-0.35%"
"01/03/2001","12,521","12,546","12,595","12,418","","-0.05%"
"01/02/2001","12,528","12,715","12,759","12,486","","-1.24%"
"12/29/2000","12,685","12,698","12,747","12,627","","-0.14%"
"12/28/2000","12,703","12,843","12,880","12,652","","-1.09%"
"12/27/2000","12,843","12,785","12,861","12,785","","0.49%"
"12/26/2000","12,781","12,740","12,804","12,733","","0.17%"
"12/25/2000","12,758","12,756","12,775","12,756","","0.01%"
"12/22/2000","12,757","12,779","12,835","12,729","","-0.17%"
"12/21/2000","12,779","12,745","12,812","12,700","","0.20%"
"12/20/2000","12,754","12,602","12,768","12,582","","1.30%"
"12/19/2000","12,590","12,604","12,624","12,535","","-0.11%"
"12/18/2000","12,604","12,659","12,664","12,585","","-0.30%"
"12/15/2000","12,642","12,602","12,682","12,556","","0.43%"
"12/14/2000","12,588","12,565","12,649","12,532","","0.20%"
"12/13/2000","12,563","12,644","12,661","12,518","","-0.79%"
"12/12/2000","12,663","12,628","12,718","12,591","","0.32%"
"12/11/2000","12,623","12,734","12,755","12,589","","-0.70%"
"12/08/2000","12,712","12,770","12,796","12,710","","-0.45%"
"12/07/2000","12,770","12,816","12,884","12,742","","-0.44%"
"12/06/2000","12,826","12,623","12,830","12,611","","1.70%"
"12/05/2000","12,611","12,656","12,727","12,575","","-0.44%"
"12/04/2000","12,667","12,613","12,716","12,598","","0.56%"
"12/01/2000","12,596","12,643","12,756","12,575","","-0.33%"
"11/30/2000","12,638","12,479","12,643","12,435","","1.25%"
"11/29/2000","12,482","12,614","12,659","12,472","","-1.01%"
"11/28/2000","12,609","12,627","12,686","12,569","","-0.16%"
"11/27/2000","12,629","12,434","12,667","12,432","","1.78%"
"11/24/2000","12,408","12,432","12,473","12,408","","-0.17%"
"11/23/2000","12,429","12,454","12,512","12,415","","-0.22%"
"11/22/2000","12,457","12,412","12,519","12,390","","0.37%"
"11/21/2000","12,412","12,429","12,508","12,392","","-0.10%"
"11/20/2000","12,424","12,428","12,461","12,406","","0.12%"
"11/17/2000","12,409","12,422","12,491","12,379","","-0.10%"
"11/16/2000","12,422","12,365","12,542","12,365","","0.31%"
"11/15/2000","12,384","12,353","12,412","12,324","","0.23%"
"11/14/2000","12,355","12,343","12,391","12,302","","0.14%"
"11/13/2000","12,338","12,352","12,408","12,316","","-0.01%"
"11/10/2000","12,340","12,374","12,408","12,316","","-0.20%"
"11/09/2000","12,364","12,345","12,411","12,302","","0.12%"
"11/08/2000","12,350","12,288","12,380","12,283","","0.37%"
"11/07/2000","12,304","12,334","12,440","12,277","","-0.18%"
"11/06/2000","12,327","12,347","12,415","12,302","","-0.01%"
"11/03/2000","12,328","12,347","12,422","12,277","","-0.11%"
"11/02/2000","12,342","12,348","12,452","12,269","","0.11%"
"11/01/2000","12,329","12,390","12,442","12,287","","-0.49%"
"10/31/2000","12,390","12,311","12,427","12,271","","0.62%"
"10/30/2000","12,313","12,343","12,435","12,304","","-0.22%"
"10/27/2000","12,340","12,354","12,468","12,237","","-0.02%"
"10/26/2000","12,343","12,411","12,467","12,301","","-0.52%"
"10/25/2000","12,408","12,530","12,572","12,338","","-0.91%"
"10/24/2000","12,522","12,511","12,585","12,472","","0.07%"
"10/23/2000","12,514","12,543","12,602","12,490","","-0.34%"
"10/20/2000","12,557","12,530","12,580","12,493","","0.29%"
"10/19/2000","12,521","12,516","12,567","12,481","","0.07%"
"10/18/2000","12,511","12,545","12,660","12,465","","-0.13%"
"10/17/2000","12,528","12,565","12,584","12,445","","-0.29%"
"10/16/2000","12,565","12,603","12,607","12,505","","-0.39%"
"10/13/2000","12,615","12,753","12,847","12,571","","-1.19%"
"10/12/2000","12,767","12,528","12,785","12,479","","1.79%"
"10/11/2000","12,542","12,595","12,713","12,510","","-0.29%"
"10/10/2000","12,579","12,447","12,606","12,377","","1.13%"
"10/09/2000","12,438","12,406","12,472","12,395","","0.37%"
"10/06/2000","12,392","12,397","12,506","12,382","","-0.26%"
"10/05/2000","12,425","12,440","12,561","12,398","","-0.08%"
"10/04/2000","12,435","12,495","12,509","12,412","","-0.57%"
"10/03/2000","12,507","12,552","12,597","12,475","","-0.38%"
"10/02/2000","12,554","12,577","12,639","12,526","","-0.18%"
"09/29/2000","12,577","12,623","12,645","12,503","","-0.47%"
"09/28/2000","12,636","12,800","12,841","12,632","","-1.27%"
"09/27/2000","12,799","12,613","12,842","12,583","","1.51%"
"09/26/2000","12,609","12,604","12,668","12,572","","0.11%"
"09/25/2000","12,595","12,503","12,600","12,503","","0.74%"
"09/22/2000","12,502","12,457","12,687","12,412","","0.85%"
"09/21/2000","12,397","12,445","12,488","12,331","","-0.32%"
"09/20/2000","12,437","12,589","12,618","12,423","","-1.20%"
"09/19/2000","12,588","12,487","12,643","12,455","","0.89%"
"09/18/2000","12,478","12,444","12,590","12,419","","0.31%"
"09/15/2000","12,440","12,413","12,494","12,366","","0.32%"
"09/14/2000","12,400","12,399","12,504","12,376","","-0.01%"
"09/13/2000","12,401","12,458","12,468","12,372","","-0.09%"
"09/12/2000","12,412","12,433","12,535","12,399","","-0.26%"
"09/11/2000","12,444","12,422","12,461","12,385","","0.18%"
"09/08/2000","12,422","12,453","12,518","12,349","","-0.27%"
"09/07/2000","12,455","12,494","12,494","12,400","","-0.25%"
"09/06/2000","12,485","12,570","12,629","12,442","","-0.65%"
"09/05/2000","12,567","12,640","12,661","12,526","","-0.59%"
"09/04/2000","12,642","12,659","12,699","12,635","","0.05%"
"09/01/2000","12,636","12,687","12,708","12,629","","-0.38%"
"08/31/2000","12,685","12,525","12,710","12,501","","1.27%"
"08/30/2000","12,525","12,472","12,532","12,436","","0.36%"
"08/29/2000","12,481","12,515","12,574","12,446","","-0.30%"
"08/28/2000","12,518","12,547","12,573","12,489","","-0.21%"
"08/25/2000","12,544","12,503","12,571","12,471","","0.32%"
"08/24/2000","12,503","12,404","12,530","12,358","","0.91%"
"08/23/2000","12,390","12,491","12,520","12,374","","-0.65%"
"08/22/2000","12,472","12,481","12,588","12,443","","-0.44%"
"08/21/2000","12,526","12,592","12,670","12,417","","-0.88%"
"08/18/2000","12,637","12,705","12,728","12,568","","-0.63%"
"08/17/2000","12,717","12,662","12,776","12,635","","0.63%"
"08/16/2000","12,637","12,520","12,656","12,518","","0.95%"
"08/15/2000","12,518","12,512","12,540","12,492","","-0.10%"
"08/14/2000","12,531","12,574","12,674","12,499","","-0.25%"
"08/11/2000","12,563","12,467","12,579","12,435","","0.68%"
"08/10/2000","12,478","12,371","12,519","12,352","","0.57%"
"08/09/2000","12,407","12,481","12,492","12,339","","-0.45%"
"08/08/2000","12,463","12,443","12,544","12,409","","0.19%"
"08/07/2000","12,439","12,367","12,463","12,358","","0.56%"
"08/04/2000","12,370","12,376","12,459","12,310","","-0.01%"
"08/03/2000","12,371","12,539","12,669","12,317","","-1.41%"
"08/02/2000","12,548","12,476","12,630","12,397","","0.66%"
"08/01/2000","12,465","12,460","12,542","12,435","","0.11%"
"07/31/2000","12,451","12,463","12,513","12,415","","-0.10%"
"07/28/2000","12,464","12,466","12,513","12,435","","-0.01%"
"07/27/2000","12,466","12,525","12,599","12,441","","-0.40%"
"07/26/2000","12,516","12,504","12,576","12,489","","0.16%"
"07/25/2000","12,496","12,453","12,602","12,442","","0.31%"
"07/24/2000","12,457","12,572","12,572","12,428","","-0.33%"
"07/21/2000","12,498","12,566","12,634","12,434","","-0.41%"
"07/20/2000","12,550","12,462","12,598","12,415","","0.66%"
"07/19/2000","12,467","12,615","12,664","12,395","","-1.20%"
"07/18/2000","12,618","12,658","12,688","12,591","","-0.32%"
"07/17/2000","12,658","12,548","12,690","12,543","","0.93%"
"07/14/2000","12,541","12,505","12,564","12,476","","0.36%"
"07/13/2000","12,496","12,517","12,568","12,479","","-0.08%"
"07/12/2000","12,506","12,591","12,635","12,455","","-0.66%"
"07/11/2000","12,588","12,663","12,675","12,564","","-0.52%"
"07/10/2000","12,654","12,646","12,713","12,637","","0.08%"
"07/07/2000","12,644","12,650","12,709","12,577","","-0.05%"
"07/06/2000","12,650","12,663","12,795","12,594","","-0.09%"
"07/05/2000","12,662","12,794","12,852","12,662","","-1.00%"
"07/04/2000","12,789","12,825","12,865","12,767","","-0.31%"
"07/03/2000","12,829","12,919","12,923","12,823","","-0.73%"
"06/30/2000","12,923","12,885","12,939","12,823","","0.29%"
"06/29/2000","12,885","13,001","13,045","12,849","","-1.21%"
"06/28/2000","13,043","12,742","13,064","12,733","","2.36%"
"06/27/2000","12,742","12,677","12,751","12,621","","0.69%"
"06/26/2000","12,655","12,609","12,684","12,567","","0.30%"
"06/23/2000","12,617","12,710","12,773","12,586","","-0.73%"
"06/22/2000","12,710","12,751","12,894","12,677","","-0.30%"
"06/21/2000","12,749","12,759","12,824","12,730","","-0.04%"
"06/20/2000","12,753","12,751","12,826","12,711","","-0.02%"
"06/19/2000","12,756","12,876","12,933","12,718","","-1.10%"
"06/16/2000","12,898","12,916","13,019","12,860","","-0.14%"
"06/15/2000","12,916","13,056","13,091","12,771","","-0.65%"
"06/14/2000","13,001","12,780","13,024","12,738","","1.87%"
"06/13/2000","12,762","12,781","13,145","12,710","","-0.24%"
"06/12/2000","12,792","12,683","12,797","12,647","","1.02%"
"06/09/2000","12,663","12,671","12,792","12,645","","-0.10%"
"06/08/2000","12,675","12,829","12,829","12,637","","-1.09%"
"06/07/2000","12,815","12,884","12,901","12,693","","-0.40%"
"06/06/2000","12,866","12,720","12,986","12,639","","1.18%"
"06/05/2000","12,716","12,477","12,760","12,477","","1.69%"
"06/02/2000","12,505","12,131","12,571","12,120","","3.10%"
"06/01/2000","12,129","12,116","12,218","12,096","","0.24%"
"05/31/2000","12,100","12,122","12,155","12,082","","-0.18%"
"05/30/2000","12,122","12,138","12,247","12,086","","0.27%"
"05/29/2000","12,089","12,074","12,156","12,022","","0.63%"
"05/26/2000","12,014","11,850","12,090","11,850","","1.24%"
"05/25/2000","11,867","12,035","12,210","11,840","","-1.43%"
"05/24/2000","12,039","12,060","12,093","11,979","","-0.06%"
"05/23/2000","12,047","12,108","12,173","12,007","","-0.51%"
"05/22/2000","12,108","12,019","12,157","12,000","","0.68%"
"05/19/2000","12,026","11,991","12,087","11,958","","0.31%"
"05/18/2000","11,989","11,996","12,028","11,916","","-0.01%"
"05/17/2000","11,990","12,070","12,106","11,920","","-0.68%"
"05/16/2000","12,072","12,070","12,176","12,070","","0.08%"
"05/15/2000","12,063","12,111","12,184","12,025","","-0.30%"
"05/12/2000","12,098","12,078","12,169","12,076","","0.19%"
"05/11/2000","12,076","12,196","12,243","12,045","","-0.88%"
"05/10/2000","12,182","12,086","12,262","12,075","","0.92%"
"05/09/2000","12,072","12,029","12,099","11,989","","0.34%"
"05/08/2000","12,031","12,155","12,155","12,011","","-0.99%"
"05/05/2000","12,151","12,203","12,320","12,068","","-0.33%"
"05/04/2000","12,192","12,132","12,328","12,047","","0.63%"
"05/03/2000","12,115","12,012","12,117","11,989","","0.86%"
"05/02/2000","12,012","11,925","12,041","11,918","","0.82%"
"05/01/2000","11,914","11,936","12,001","11,860","","0.00%"
"04/28/2000","11,914","12,057","12,076","11,872","","-1.17%"
"04/27/2000","12,055","12,017","12,086","11,980","","0.39%"
"04/26/2000","12,007","12,124","12,223","11,973","","-0.94%"
"04/25/2000","12,121","12,186","12,223","12,099","","-0.47%"
"04/24/2000","12,178","12,186","12,260","12,164","","0.04%"
"04/21/2000","12,172","12,181","12,202","12,159","","0.00%"
"04/20/2000","12,172","12,228","12,264","12,154","","-0.44%"
"04/19/2000","12,225","12,233","12,291","12,199","","-0.01%"
"04/18/2000","12,227","12,252","12,326","12,190","","-0.18%"
"04/17/2000","12,249","12,351","12,429","12,227","","-0.51%"
"04/14/2000","12,311","12,257","12,464","12,211","","0.43%"
"04/13/2000","12,259","12,262","12,317","12,185","","-0.09%"
"04/12/2000","12,270","12,246","12,339","12,151","","0.18%"
"04/11/2000","12,248","12,271","12,355","12,229","","-0.11%"
"04/10/2000","12,262","12,187","12,306","12,187","","0.62%"
"04/07/2000","12,187","12,205","12,239","12,152","","-0.06%"
"04/06/2000","12,194","12,252","12,267","12,111","","-0.33%"
"04/05/2000","12,235","12,380","12,384","12,209","","-1.27%"
"04/04/2000","12,393","12,119","12,566","12,002","","2.30%"
"04/03/2000","12,114","12,140","12,188","12,066","","-0.19%"
"03/31/2000","12,137","12,036","12,190","11,941","","0.93%"
"03/30/2000","12,025","11,964","12,120","11,964","","0.11%"
"03/29/2000","12,012","12,150","12,199","11,942","","-1.07%"
"03/28/2000","12,141","12,190","12,274","12,093","","-0.30%"
"03/27/2000","12,177","12,387","12,577","12,177","","-1.61%"
"03/24/2000","12,376","12,390","12,426","12,354","","-0.27%"
"03/23/2000","12,410","12,517","12,624","12,317","","-0.77%"
"03/22/2000","12,506","12,591","12,660","12,498","","-0.76%"
"03/21/2000","12,602","12,446","12,670","12,337","","1.38%"
"03/20/2000","12,431","12,338","12,568","12,338","","0.60%"
"03/17/2000","12,357","12,439","12,574","12,298","","-0.84%"
"03/16/2000","12,461","12,550","12,595","12,413","","-0.71%"
"03/15/2000","12,550","12,561","12,670","12,532","","-0.11%"
"03/14/2000","12,564","12,638","12,704","12,531","","-0.52%"
"03/13/2000","12,630","12,570","12,688","12,550","","0.64%"
"03/10/2000","12,550","12,667","12,760","12,519","","-0.84%"
"03/09/2000","12,656","12,526","12,767","12,515","","0.85%"
"03/08/2000","12,550","12,698","12,786","12,532","","-1.06%"
"03/07/2000","12,685","12,521","12,759","12,486","","1.34%"
"03/06/2000","12,516","12,564","12,623","12,372","","-0.31%"
"03/03/2000","12,556","12,506","12,668","12,495","","0.32%"
"03/02/2000","12,515","12,622","12,798","12,376","","-1.28%"
"03/01/2000","12,677","12,723","12,805","12,656","","-0.37%"
"02/29/2000","12,723","12,689","12,821","12,667","","0.18%"
"02/28/2000","12,700","12,742","12,811","12,666","","-0.28%"
"02/25/2000","12,736","12,978","12,989","12,692","","-1.90%"
"02/24/2000","12,982","13,054","13,148","12,965","","-0.50%"
"02/23/2000","13,048","13,265","13,324","13,022","","-1.69%"
"02/22/2000","13,272","13,290","13,370","13,120","","-0.15%"
"02/21/2000","13,293","13,254","13,353","13,200","","0.35%"
"02/18/2000","13,246","13,054","13,261","13,020","","1.19%"
"02/17/2000","13,090","13,136","13,457","12,922","","-0.31%"
"02/16/2000","13,130","13,102","13,174","12,906","","0.05%"
"02/15/2000","13,124","13,400","13,424","13,077","","-1.93%"
"02/14/2000","13,382","13,519","13,534","13,283","","-0.96%"
"02/11/2000","13,512","13,734","13,817","13,395","","-2.00%"
"02/10/2000","13,789","13,274","13,789","13,274","","3.34%"
"02/09/2000","13,343","13,062","13,535","13,029","","2.84%"
"02/08/2000","12,975","13,129","13,301","12,862","","-1.02%"
"02/07/2000","13,109","13,474","13,911","13,074","","-0.26%"
"02/04/2000","13,143","12,517","13,143","12,502","","5.08%"
"02/03/2000","12,508","12,401","12,537","12,379","","0.95%"
"02/02/2000","12,390","12,294","12,468","12,284","","0.87%"
"02/01/2000","12,284","12,334","12,384","12,276","","-0.40%"
"01/31/2000","12,332","12,337","12,403","12,278","","0.15%"
"01/28/2000","12,314","12,487","12,532","12,253","","-1.21%"
"01/27/2000","12,464","12,437","12,510","12,401","","0.29%"
"01/26/2000","12,428","12,428","12,475","12,372","","0.04%"
"01/25/2000","12,424","12,514","12,664","12,419","","-0.74%"
"01/24/2000","12,516","12,577","12,624","12,473","","-0.38%"
"01/21/2000","12,564","12,537","12,598","12,474","","0.20%"
"01/20/2000","12,539","12,594","12,601","12,508","","-0.26%"